timestamp,task,model,dataset,k,protected_attr,ablation,seed,repair_metric_name,repair_metric_before,repair_metric_after,acc_before,acc_after,modified_params,modified_params_ratio,loc_time,ver_time,repair_time,total_time,alpha,rho_l,k,C24,C25
2026-06-26 14:32:07,Backdoor,NN2,MNIST,1,none,full,0,ASR,100.0000,0.0223,99.5600,99.0400,13,0.000016,6.02,0.00,6.26,12.28,,NULL,NULL,NULL,NULL
2026-06-26 14:32:53,Backdoor,NN2,MNIST,2,none,full,0,ASR,100.0000,0.0223,99.5600,99.1400,16,0.000019,16.32,0.00,20.43,36.75,,NULL,NULL,NULL,NULL
2026-06-26 14:33:38,Backdoor,NN2,MNIST,3,none,full,0,ASR,100.0000,0.0223,99.5600,99.9600,19,0.000023,15.73,0.00,15.89,31.62,,NULL,NULL,NULL,NULL
2026-06-26 14:34:26,Backdoor,NN2,MNIST,4,none,full,0,ASR,100.0000,0.0891,99.5600,99.5400,22,0.000027,14.89,0.00,20.19,35.09,,NULL,NULL,NULL,NULL
2026-06-26 14:35:09,Backdoor,NN2,MNIST,5,none,full,0,ASR,100.0000,0.0673,99.5600,99.6600,25,0.000030,14.97,0.00,14.55,29.52,,NULL,NULL,NULL,NULL
2026-06-26 14:35:59,Backdoor,NN2,MNIST,6,none,full,0,ASR,100.0000,0.0004,99.5600,99.580,28,0.000034,14.74,0.00,21.96,36.70,,NULL,NULL,NULL,NULL
2026-06-26 14:37:10,Backdoor,NN2,MNIST,7,none,full,0,ASR,100.0000,0.0000,99.5600,99.5000,31,0.000038,17.46,0.00,38.00,55.47,,NULL,NULL,NULL,NULL
2026-06-26 14:38:01,Backdoor,NN2,MNIST,8,none,full,0,ASR,100.0000,0.0000,99.5600,99.5100,34,0.000041,14.72,0.00,23.78,38.50,,NULL,NULL,NULL,NULL
2026-06-26 14:38:52,Backdoor,NN2,MNIST,9,none,full,0,ASR,100.0000,0.0007,99.5600,99.5000,37,0.000045,15.89,0.00,21.08,36.97,,NULL,NULL,NULL,NULL
2026-06-26 14:39:53,Backdoor,NN2,MNIST,10,none,full,0,ASR,100.0000,0.0003,99.5600,99.4600,40,0.000049,15.39,0.00,32.80,48.20,,NULL,NULL,NULL,NULL
2026-06-26 14:40:38,Backdoor,NN2,MNIST,12,none,full,0,ASR,100.0000,0.0002,99.5600,99.8800,46,0.000056,14.76,0.00,17.37,32.13,,NULL,NULL,NULL,NULL
2026-06-26 14:41:18,Backdoor,NN2,MNIST,15,none,full,0,ASR,100.0000,0.0006,99.5600,99.4400,55,0.000067,14.46,0.00,12.11,26.57,,NULL,NULL,NULL,NULL
2026-06-26 14:42:06,Backdoor,NN2,MNIST,20,none,full,0,ASR,100.0000,0.4009,99.5600,99.4200,66,0.000080,14.46,0.00,20.57,35.03,,NULL,NULL,NULL,NULL
2026-06-26 14:42:55,Backdoor,NN2,MNIST,25,none,full,0,ASR,100.0000,0.0002,99.5600,99.4800,76,0.000092,14.76,0.00,21.43,36.19,,NULL,NULL,NULL,NULL
2026-06-26 14:43:59,Backdoor,NN2,MNIST,30,none,full,0,ASR,100.0000,0.0006,99.5600,99.4800,86,0.000105,16.05,0.00,34.32,50.37,,NULL,NULL,NULL,NULL
2026-06-26 14:45:17,Backdoor,NN2,Fashion-MNIST,1,none,full,0,ASR,98.5556,0.0222,92.4000,92.3200,14,0.000058,20.80,0.00,42.90,63.70,,NULL,NULL,NULL,NULL
2026-06-26 14:46:33,Backdoor,NN2,Fashion-MNIST,2,none,full,0,ASR,98.5556,0.0000,92.4000,92.4600,18,0.000075,22.70,0.00,35.75,58.46,,NULL,NULL,NULL,NULL
2026-06-26 14:47:38,Backdoor,NN2,Fashion-MNIST,3,none,full,0,ASR,98.5556,0.0222,92.4000,92.4800,22,0.000091,21.61,0.00,27.77,49.38,,NULL,NULL,NULL,NULL
2026-06-26 14:48:48,Backdoor,NN2,Fashion-MNIST,4,none,full,0,ASR,98.5556,0.0000,92.4000,92.4800,26,0.000108,19.94,0.00,34.92,54.86,,NULL,NULL,NULL,NULL
2026-06-26 14:49:49,Backdoor,NN2,Fashion-MNIST,5,none,full,0,ASR,98.5556,0.0000,92.4000,92.4600,30,0.000124,18.72,0.00,29.09,47.81,,NULL,NULL,NULL,NULL
2026-06-26 14:51:08,Backdoor,NN2,Fashion-MNIST,6,none,full,0,ASR,98.5556,0.0002,92.4000,92.4600,34,0.000141,21.42,0.00,41.98,63.40,,NULL,NULL,NULL,NULL
2026-06-26 14:52:01,Backdoor,NN2,Fashion-MNIST,7,none,full,0,ASR,98.5556,0.0004,92.4000,92.4200,38,0.000157,18.64,0.00,21.44,40.08,,NULL,NULL,NULL,NULL
2026-06-26 14:53:10,Backdoor,NN2,Fashion-MNIST,8,none,full,0,ASR,98.5556,0.0002,92.4000,92.0200,42,0.000174,17.95,0.00,37.34,55.29,,NULL,NULL,NULL,NULL
2026-06-26 14:53:59,Backdoor,NN2,Fashion-MNIST,9,none,full,0,ASR,98.5556,0.0014,92.4000,92.0600,46,0.000190,17.60,0.00,18.59,36.19,,NULL,NULL,NULL,NULL
2026-06-26 14:54:58,Backdoor,NN2,Fashion-MNIST,10,none,full,0,ASR,98.5556,0.0022,92.4000,92.3400,50,0.000207,17.62,0.00,28.38,46.00,,NULL,NULL,NULL,NULL
2026-06-26 14:56:01,Backdoor,NN2,Fashion-MNIST,12,none,full,0,ASR,98.5556,0.0089,92.4000,92.0400,58,0.000240,17.96,0.00,31.82,49.79,,NULL,NULL,NULL,NULL
2026-06-26 14:57:12,Backdoor,NN2,Fashion-MNIST,15,none,full,0,ASR,98.5556,0.0078,92.4000,91.7600,70,0.000290,19.56,0.00,37.83,57.38,,NULL,NULL,NULL,NULL
2026-06-26 14:58:07,Backdoor,NN2,Fashion-MNIST,20,none,full,0,ASR,98.5556,0.3778,92.4000,91.6600,90,0.000373,18.02,0.00,23.60,41.62,,NULL,NULL,NULL,NULL
2026-06-26 14:58:54,Backdoor,NN2,Fashion-MNIST,25,none,full,0,ASR,98.5556,0.8667,92.4000,91.5800,110,0.000455,17.79,0.00,15.90,33.69,,NULL,NULL,NULL,NULL
2026-06-26 14:59:50,Backdoor,NN2,Fashion-MNIST,30,none,full,0,ASR,98.5556,1.1556,92.4000,91.3800,130,0.000538,19.07,0.00,23.61,42.68,,NULL,NULL,NULL,NULL
2026-06-26 15:01:30,Backdoor,NN2,GTSRB,1,none,full,0,ASR,93.4678,0.5261,97.2354,97.3218,50,0.000087,32.56,0.00,55.65,88.21,,NULL,NULL,NULL,NULL
2026-06-26 15:03:12,Backdoor,NN2,GTSRB,2,none,full,0,ASR,93.4678,0.7453,97.2354,97.7538,57,0.000100,31.81,0.00,58.03,89.84,,NULL,NULL,NULL,NULL
2026-06-26 15:04:54,Backdoor,NN2,GTSRB,3,none,full,0,ASR,93.4678,0.4384,97.2354,97.7538,64,0.000112,30.71,0.00,58.53,89.24,,NULL,NULL,NULL,NULL
2026-06-26 15:06:35,Backdoor,NN2,GTSRB,4,none,full,0,ASR,93.4678,0.2192,97.2354,97.5378,71,0.000124,30.07,0.00,58.40,88.47,,NULL,NULL,NULL,NULL
2026-06-26 15:08:15,Backdoor,NN2,GTSRB,5,none,full,0,ASR,93.4678,0.2630,97.2354,97.1490,78,0.000136,31.12,0.00,57.55,88.66,,NULL,NULL,NULL,NULL
2026-06-26 15:09:57,Backdoor,NN2,GTSRB,6,none,full,0,ASR,93.4678,0.3946,97.2354,97.1067,85,0.000149,30.95,0.00,58.62,89.57,,NULL,NULL,NULL,NULL
2026-06-26 15:11:37,Backdoor,NN2,GTSRB,7,none,full,0,ASR,93.4678,0.1315,97.2354,97.5810,92,0.000161,31.59,0.00,56.89,88.48,,NULL,NULL,NULL,NULL
2026-06-26 15:13:17,Backdoor,NN2,GTSRB,8,none,full,0,ASR,93.4678,0.4384,97.2354,97.0039,99,0.000173,31.53,0.00,56.69,88.22,,NULL,NULL,NULL,NULL
2026-06-26 15:14:58,Backdoor,NN2,GTSRB,9,none,full,0,ASR,93.4678,0.1315,97.2354,96.9531,106,0.000185,29.49,0.00,58.91,88.40,,NULL,NULL,NULL,NULL
2026-06-26 15:16:39,Backdoor,NN2,GTSRB,10,none,full,0,ASR,93.4678,0.0877,97.2354,97.5443,113,0.000198,31.99,0.00,57.46,89.44,,NULL,NULL,NULL,NULL
2026-06-26 15:18:19,Backdoor,NN2,GTSRB,12,none,full,0,ASR,93.4678,0.0002,97.2354,97.5095,127,0.000222,31.71,0.00,56.22,87.93,,NULL,NULL,NULL,NULL
2026-06-26 15:19:58,Backdoor,NN2,GTSRB,15,none,full,0,ASR,93.4678,0.0000,97.2354,79.6976,148,0.000259,30.70,0.00,56.68,87.38,,NULL,NULL,NULL,NULL
2026-06-26 15:21:42,Backdoor,NN2,GTSRB,20,none,full,0,ASR,93.4678,0.0000,97.2354,96.5875,183,0.000320,32.66,0.00,58.89,91.55,,NULL,NULL,NULL,NULL
2026-06-26 15:23:24,Backdoor,NN2,GTSRB,25,none,full,0,ASR,93.4678,0.0069,97.2354,77.5378,218,0.000381,31.76,0.00,58.62,90.38,,NULL,NULL,NULL,NULL
2026-06-26 15:24:12,Backdoor,NN2,GTSRB,30,none,full,0,ASR,93.4678,0.0000,97.2354,0.4320,253,0.000443,29.70,0.00,6.18,35.88,,NULL,NULL,NULL,NULL
2026-06-26 15:25:20,Backdoor,NN2,CIFAR-10,1,none,full,0,ASR,96.2180,1.6685,71.0400,69.7000,15,0.000017,22.23,0.00,30.02,52.25,,NULL,NULL,NULL,NULL
2026-06-26 15:25:58,Backdoor,NN2,CIFAR-10,2,none,full,0,ASR,96.2180,2.1802,71.0400,69.1000,20,0.000022,10.62,0.00,16.76,27.38,,NULL,NULL,NULL,NULL
2026-06-26 15:26:59,Backdoor,NN2,CIFAR-10,3,none,full,0,ASR,96.2180,2.4694,71.0400,68.6200,25,0.000028,11.22,0.00,38.40,49.62,,NULL,NULL,NULL,NULL
2026-06-26 15:28:28,Backdoor,NN2,CIFAR-10,4,none,full,0,ASR,96.2180,2.3582,71.0400,67.1000,30,0.000034,24.21,0.00,46.59,70.80,,NULL,NULL,NULL,NULL
2026-06-26 15:30:04,Backdoor,NN2,CIFAR-10,5,none,full,0,ASR,96.2180,4.3604,71.0400,65.3200,35,0.000039,27.21,0.00,48.05,75.26,,NULL,NULL,NULL,NULL
2026-06-26 15:31:31,Backdoor,NN2,CIFAR-10,6,none,full,0,ASR,96.2180,4.3826,71.0400,65.7800,40,0.000045,23.44,0.00,44.06,67.49,,NULL,NULL,NULL,NULL
2026-06-26 15:32:59,Backdoor,NN2,CIFAR-10,7,none,full,0,ASR,96.2180,4.7831,71.0400,65.5400,45,0.000051,24.32,0.00,43.85,68.18,,NULL,NULL,NULL,NULL
2026-06-26 15:34:32,Backdoor,NN2,CIFAR-10,8,none,full,0,ASR,96.2180,4.4716,71.0400,65.3800,50,0.000056,27.20,0.00,46.92,74.12,,NULL,NULL,NULL,NULL
2026-06-26 15:36:09,Backdoor,NN2,CIFAR-10,9,none,full,0,ASR,96.2180,3.8932,71.0400,65.6000,55,0.000062,28.20,0.00,49.13,77.33,,NULL,NULL,NULL,NULL
2026-06-26 15:37:44,Backdoor,NN2,CIFAR-10,10,none,full,0,ASR,96.2180,4.2492,71.0400,66.4400,60,0.000067,26.20,0.00,47.53,73.73,,NULL,NULL,NULL,NULL
2026-06-26 15:39:17,Backdoor,NN2,CIFAR-10,12,none,full,0,ASR,96.2180,3.6930,71.0400,66.2200,70,0.000079,26.73,0.00,46.36,73.09,,NULL,NULL,NULL,NULL
2026-06-26 15:40:48,Backdoor,NN2,CIFAR-10,15,none,full,0,ASR,96.2180,3.9377,71.0400,67.1200,85,0.000095,25.74,0.00,44.89,70.63,,NULL,NULL,NULL,NULL
2026-06-26 15:42:22,Backdoor,NN2,CIFAR-10,20,none,full,0,ASR,96.2180,3.8932,71.0400,65.8000,110,0.000124,25.85,0.00,49.20,75.04,,NULL,NULL,NULL,NULL
2026-06-26 15:44:01,Backdoor,NN2,CIFAR-10,25,none,full,0,ASR,96.2180,2.7364,71.0400,67.3200,135,0.000152,27.49,0.00,50.14,77.63,,NULL,NULL,NULL,NULL
2026-06-26 15:45:39,Backdoor,NN2,CIFAR-10,30,none,full,0,ASR,96.2180,2.4249,71.0400,66.6400,160,0.000180,29.13,0.00,47.18,76.30,,NULL,NULL,NULL,NULL
2026-06-26 15:55:23,Safety,NN5,ACAS_Xu_N2_9,1,none,full,0,VR,1.0000,0.0000,1.0000,0.9992,6,0.000451,18.33,0.00,554.19,572.52,,NULL,NULL,NULL,NULL
2026-06-26 16:03:08,Safety,NN5,ACAS_Xu_N2_9,2,none,full,0,VR,1.0000,0.0000,1.0000,1.0000,12,0.000902,16.39,0.00,438.43,454.82,,NULL,NULL,NULL,NULL
2026-06-26 16:11:18,Safety,NN5,ACAS_Xu_N2_9,3,none,full,0,VR,1.0000,0.0000,1.0000,1.0000,18,0.001353,14.64,0.00,465.09,479.73,,NULL,NULL,NULL,NULL
2026-06-26 16:17:50,Safety,NN5,ACAS_Xu_N2_9,4,none,full,0,VR,1.0000,0.0000,1.0000,1.0000,24,0.001804,16.02,0.00,367.02,383.04,,NULL,NULL,NULL,NULL
2026-06-26 16:25:36,Safety,NN5,ACAS_Xu_N2_9,5,none,full,0,VR,1.0000,0.0000,1.0000,1.0000,30,0.002255,17.21,0.00,437.55,454.76,,NULL,NULL,NULL,NULL
2026-06-26 16:33:36,Safety,NN5,ACAS_Xu_N2_9,6,none,full,0,VR,1.0000,0.0000,1.0000,1.0000,36,0.002706,17.14,0.00,454.02,471.17,,NULL,NULL,NULL,NULL
2026-06-26 16:40:31,Safety,NN5,ACAS_Xu_N2_9,7,none,full,0,VR,1.0000,0.0000,1.0000,1.0000,42,0.003157,16.83,0.00,387.80,404.63,,NULL,NULL,NULL,NULL
2026-06-26 16:49:08,Safety,NN5,ACAS_Xu_N2_9,8,none,full,0,VR,1.0000,0.0000,1.0000,1.0000,48,0.003608,17.79,0.00,490.00,507.80,,NULL,NULL,NULL,NULL
2026-06-26 16:57:09,Safety,NN5,ACAS_Xu_N2_9,9,none,full,0,VR,1.0000,0.0000,1.0000,1.0000,54,0.004059,17.00,0.00,454.58,471.58,,NULL,NULL,NULL,NULL
2026-06-26 17:05:08,Safety,NN5,ACAS_Xu_N2_9,10,none,full,0,VR,1.0000,0.0000,1.0000,1.0000,60,0.004510,18.97,0.00,449.75,468.72,,NULL,NULL,NULL,NULL
2026-06-26 17:13:18,Safety,NN5,ACAS_Xu_N2_9,12,none,full,0,VR,1.0000,0.0000,1.0000,1.0000,72,0.005411,17.22,0.00,463.72,480.94,,NULL,NULL,NULL,NULL
2026-06-26 17:19:58,Safety,NN5,ACAS_Xu_N2_9,15,none,full,0,VR,1.0000,0.0000,1.0000,1.0000,90,0.006764,15.17,0.00,374.43,389.60,,NULL,NULL,NULL,NULL
2026-06-26 17:27:13,Safety,NN5,ACAS_Xu_N2_9,20,none,full,0,VR,1.0000,0.0000,1.0000,1.0000,120,0.009019,16.69,0.00,409.73,426.42,,NULL,NULL,NULL,NULL
2026-06-26 17:34:06,Safety,NN6,ACAS_Xu_N3_3,1,none,full,0,VR,1.0000,0.0806,1.0000,0.9805,6,0.000451,19.20,0.00,385.15,404.35,,NULL,NULL,NULL,NULL
2026-06-26 17:41:53,Safety,NN6,ACAS_Xu_N3_3,2,none,full,0,VR,1.0000,0.1194,1.0000,0.9866,12,0.000902,19.32,0.00,438.54,457.86,,NULL,NULL,NULL,NULL
2026-06-26 17:49:30,Safety,NN6,ACAS_Xu_N3_3,3,none,full,0,VR,1.0000,0.0853,1.0000,0.9943,18,0.001353,20.71,0.00,426.71,447.42,,NULL,NULL,NULL,NULL
2026-06-26 17:59:23,Safety,NN6,ACAS_Xu_N3_3,4,none,full,0,VR,1.0000,0.1120,1.0000,0.9962,24,0.001804,20.00,0.00,561.27,581.27,,NULL,NULL,NULL,NULL
2026-06-26 18:06:07,Safety,NN6,ACAS_Xu_N3_3,5,none,full,0,VR,1.0000,0.0155,1.0000,0.9974,30,0.002255,27.92,0.00,360.24,388.15,,NULL,NULL,NULL,NULL
2026-06-26 18:09:12,Safety,NN6,ACAS_Xu_N3_3,6,none,full,0,VR,1.0000,0.0000,1.0000,1.0000,36,0.002706,7.80,0.00,171.97,179.76,,NULL,NULL,NULL,NULL
2026-06-26 18:12:42,Safety,NN6,ACAS_Xu_N3_3,7,none,full,0,VR,1.0000,0.0000,1.0000,1.0000,42,0.003157,8.16,0.00,195.84,204.00,,NULL,NULL,NULL,NULL
2026-06-26 18:16:04,Safety,NN6,ACAS_Xu_N3_3,8,none,full,0,VR,1.0000,0.0000,1.0000,1.0000,48,0.003608,9.21,0.00,186.16,195.37,,NULL,NULL,NULL,NULL
2026-06-26 18:19:04,Safety,NN6,ACAS_Xu_N3_3,9,none,full,0,VR,1.0000,0.0000,1.0000,1.0000,54,0.004059,7.98,0.00,166.43,174.41,,NULL,NULL,NULL,NULL
2026-06-26 18:23:39,Safety,NN6,ACAS_Xu_N3_3,10,none,full,0,VR,1.0000,1.0000,1.0000,1.0000,60,0.004510,7.81,0.00,262.34,270.15,,NULL,NULL,NULL,NULL
2026-06-26 18:32:25,Safety,NN6,ACAS_Xu_N3_3,12,none,full,0,VR,1.0000,0.0000,1.0000,1.0000,72,0.005411,21.66,0.00,493.93,515.59,,NULL,NULL,NULL,NULL
2026-06-26 18:40:13,Safety,NN6,ACAS_Xu_N3_3,15,none,full,0,VR,1.0000,0.0000,1.0000,1.0000,90,0.006764,21.50,0.00,436.89,458.39,,NULL,NULL,NULL,NULL
2026-06-26 18:48:01,Safety,NN6,ACAS_Xu_N3_3,20,none,full,0,VR,1.0000,0.0000,1.0000,1.0000,120,0.009019,19.35,0.00,439.97,459.31,,NULL,NULL,NULL,NULL
2026-06-26 18:55:37,Safety,NN7,ACAS_Xu_N1_9,1,none,full,0,VR,1.0000,0.2478,1.0000,1.0000,6,0.000451,14.63,0.00,432.96,447.59,,NULL,NULL,NULL,NULL
2026-06-26 19:03:13,Safety,NN7,ACAS_Xu_N1_9,2,none,full,0,VR,1.0000,0.0098,1.0000,1.0000,12,0.000902,14.89,0.00,433.12,448.01,,NULL,NULL,NULL,NULL
2026-06-26 19:10:50,Safety,NN7,ACAS_Xu_N1_9,3,none,full,0,VR,1.0000,0.0095,1.0000,1.0000,18,0.001353,13.96,0.00,434.45,448.41,,NULL,NULL,NULL,NULL
2026-06-26 19:18:38,Safety,NN7,ACAS_Xu_N1_9,4,none,full,0,VR,1.0000,0.0015,1.0000,1.0000,24,0.001804,14.58,0.00,444.41,459.00,,NULL,NULL,NULL,NULL
2026-06-26 19:22:57,Safety,NN7,ACAS_Xu_N1_9,5,none,full,0,VR,1.0000,0.0029,1.0000,1.0000,30,0.002255,17.54,0.00,231.83,249.37,,NULL,NULL,NULL,NULL
2026-06-26 19:30:37,Safety,NN7,ACAS_Xu_N1_9,6,none,full,0,VR,1.0000,0.0023,1.0000,0.9998,36,0.002706,17.94,0.00,431.63,449.57,,NULL,NULL,NULL,NULL
2026-06-26 19:40:40,Safety,NN7,ACAS_Xu_N1_9,7,none,full,0,VR,1.0000,0.0018,1.0000,0.9990,42,0.003157,17.30,0.00,575.76,593.06,,NULL,NULL,NULL,NULL
2026-06-26 19:46:19,Safety,NN7,ACAS_Xu_N1_9,8,none,full,0,VR,1.0000,0.0016,1.0000,0.9987,48,0.003608,20.84,0.00,304.55,325.39,,NULL,NULL,NULL,NULL
2026-06-26 19:51:16,Safety,NN7,ACAS_Xu_N1_9,9,none,full,0,VR,1.0000,0.0000,1.0000,1.0000,54,0.004059,8.47,0.00,279.30,287.77,,NULL,NULL,NULL,NULL
2026-06-26 19:57:00,Safety,NN7,ACAS_Xu_N1_9,10,none,full,0,VR,1.0000,0.0000,1.0000,1.0000,60,0.004510,7.36,0.00,329.85,337.22,,NULL,NULL,NULL,NULL
2026-06-26 20:01:15,Safety,NN7,ACAS_Xu_N1_9,12,none,full,0,VR,1.0000,0.0000,1.0000,1.0000,72,0.005411,6.48,0.00,242.25,248.73,,NULL,NULL,NULL,NULL
2026-06-26 20:10:54,Safety,NN7,ACAS_Xu_N1_9,15,none,full,0,VR,1.0000,0.0021,1.0000,0.9997,90,0.006764,19.33,0.00,546.61,565.93,,NULL,NULL,NULL,NULL
2026-06-26 20:18:38,Safety,NN7,ACAS_Xu_N1_9,20,none,full,0,VR,1.0000,0.0090,1.0000,1.0000,120,0.009019,17.23,0.00,434.17,451.40,,NULL,NULL,NULL,NULL
2026-06-26 20:24:09,Fairness,NN9,bank,1,age,full,0,IDR,0.0760,0.0000,0.9810,0.9810,100.00,10.50,0.00,17.20,27.70,1.00,40.00,0.00,0.00,0.0000,
2026-06-26 20:29:05,Fairness,NN9,bank,2,age,full,0,IDR,0.0760,0.0000,0.9810,0.9810,100.00,25.76,0.00,5.48,31.24,2.00,40.00,0.00,0.00,0.0000,
2026-06-26 20:31:55,Fairness,NN9,bank,3,age,full,0,IDR,0.0760,0.0010,0.9810,0.9810,98.68,8.62,0.00,10.58,19.20,3.00,40.00,0.00,0.00,0.0000,
2026-06-26 20:34:49,Fairness,NN9,bank,4,age,full,0,IDR,0.0760,0.0000,0.9810,0.9810,100.00,12.98,0.00,4.98,17.96,4.00,40.00,0.00,0.00,0.0000,
2026-06-26 20:38:44,Fairness,NN9,bank,5,age,full,0,IDR,0.0760,0.0000,0.9810,0.9810,100.00,10.49,0.00,5.98,16.47,5.00,40.00,0.00,0.00,0.0000,
2026-06-26 20:41:35,Fairness,NN9,bank,6,age,full,0,IDR,0.0760,0.0000,0.9810,0.9810,100.00,11.46,0.00,5.93,17.39,6.00,40.00,0.00,0.00,0.0000,
2026-06-26 20:47:05,Fairness,NN9,bank,7,age,full,0,IDR,0.0760,0.0000,0.9810,0.9810,100.00,18.50,0.00,15.18,33.68,7.00,40.00,0.00,0.00,0.0000,
2026-06-26 20:50:34,Fairness,NN9,bank,8,age,full,0,IDR,0.0760,0.0000,0.9810,0.9810,100.00,20.99,0.00,5.71,26.71,8.00,40.00,0.00,0.00,0.0000,
2026-06-26 20:53:56,Fairness,NN9,bank,9,age,full,0,IDR,0.0760,0.0000,0.9810,0.9810,100.00,9.55,0.00,11.52,21.08,9.00,40.00,0.00,0.00,0.0000,
2026-06-26 20:57:37,Fairness,NN9,bank,10,age,full,0,IDR,0.0760,0.0000,0.9810,0.9810,100.00,16.49,0.00,14.39,30.87,10.00,40.00,0.00,0.00,0.0000,
2026-06-26 20:59:40,Fairness,NN8,census,1,age,full,0,IDR,0.1730,0.1930,0.8840,0.8860,-11.56,20.46,0.00,4.37,24.82,1.00,42.00,0.00,0.00,0.0000,
2026-06-26 21:01:50,Fairness,NN8,census,2,age,full,0,IDR,0.1730,0.1880,0.8840,0.8830,-8.67,8.58,0.00,15.38,23.96,2.00,42.00,0.00,0.00,0.0000,
2026-06-26 21:03:23,Fairness,NN8,census,3,age,full,0,IDR,0.1730,0.1840,0.8840,0.8830,-6.36,10.58,0.00,5.82,16.40,3.00,42.00,0.00,0.00,0.0000,
2026-06-26 21:04:46,Fairness,NN8,census,4,age,full,0,IDR,0.1730,0.0280,0.8840,0.8860,83.82,8.65,0.00,8.29,16.94,4.00,42.00,0.00,0.00,0.0000,
2026-06-26 21:07:44,Fairness,NN8,census,5,age,full,0,IDR,0.1730,0.0280,0.8840,0.8870,83.82,9.52,0.00,21.91,31.43,5.00,42.00,0.00,0.00,0.0000,
2026-06-26 21:09:23,Fairness,NN8,census,6,age,full,0,IDR,0.1730,0.0240,0.8840,0.8060,86.13,15.39,0.00,8.81,24.20,6.00,42.00,0.00,0.00,0.0000,
2026-06-26 21:11:07,Fairness,NN8,census,7,age,full,0,IDR,0.1730,0.0300,0.8840,0.8120,82.66,9.86,0.00,16.01,25.87,7.00,42.00,0.00,0.00,0.0000,
2026-06-26 21:12:22,Fairness,NN8,census,8,age,full,0,IDR,0.1730,0.0300,0.8840,0.8140,82.66,7.76,0.00,6.97,14.74,8.00,42.00,0.00,0.00,0.0000,
2026-06-26 21:13:49,Fairness,NN8,census,9,age,full,0,IDR,0.1730,0.0280,0.8840,0.8130,83.82,8.45,0.00,7.26,15.71,9.00,42.00,0.00,0.00,0.0000,
2026-06-26 21:15:11,Fairness,NN8,census,10,age,full,0,IDR,0.1730,0.0300,0.8840,0.8160,82.66,8.53,0.00,7.72,16.24,10.00,42.00,0.00,0.00,0.0000,
2026-06-26 21:18:42,Fairness,NN8,census,1,gender,full,0,IDR,0.0760,0.0780,0.8840,0.8820,-2.63,8.79,0.00,4.65,13.44,1.00,70.00,0.00,0.00,0.0000,
2026-06-26 21:22:20,Fairness,NN8,census,2,gender,full,0,IDR,0.0760,0.0740,0.8840,0.8770,2.63,8.55,0.00,6.76,15.30,2.00,70.00,0.00,0.00,0.0000,
2026-06-26 21:24:48,Fairness,NN8,census,3,gender,full,0,IDR,0.0760,0.0840,0.8840,0.8800,-10.53,8.87,0.00,5.55,14.41,3.00,70.00,0.00,0.00,0.0000,
2026-06-26 21:28:17,Fairness,NN8,census,4,gender,full,0,IDR,0.0760,0.0040,0.8840,0.8820,94.74,8.74,0.00,24.26,33.01,4.00,70.00,0.00,0.00,0.0000,
2026-06-26 21:31:30,Fairness,NN8,census,5,gender,full,0,IDR,0.0760,0.0070,0.8840,0.8860,90.79,15.31,0.00,8.48,23.79,5.00,70.00,0.00,0.00,0.0000,
2026-06-26 21:33:58,Fairness,NN8,census,6,gender,full,0,IDR,0.0760,0.0060,0.8840,0.8800,92.11,9.86,0.00,8.20,18.07,6.00,70.00,0.00,0.00,0.0000,
2026-06-26 21:36:23,Fairness,NN8,census,7,gender,full,0,IDR,0.0760,0.0040,0.8840,0.8860,94.74,8.79,0.00,9.53,18.32,7.00,70.00,0.00,0.00,0.0000,
2026-06-26 21:38:47,Fairness,NN8,census,8,gender,full,0,IDR,0.0760,0.0100,0.8840,0.8850,86.84,8.74,0.00,8.49,17.23,8.00,70.00,0.00,0.00,0.0000,
2026-06-26 21:41:09,Fairness,NN8,census,9,gender,full,0,IDR,0.0760,0.0040,0.8840,0.7960,94.74,8.64,0.00,8.61,17.25,9.00,70.00,0.00,0.00,0.0000,
2026-06-26 21:43:34,Fairness,NN8,census,10,gender,full,0,IDR,0.0760,0.0100,0.8840,0.8160,86.84,9.53,0.00,8.51,18.04,10.00,70.00,0.00,0.00,0.0000,
2026-06-26 21:45:24,Fairness,NN8,census,1,race,full,0,IDR,0.1200,0.1200,0.8840,0.8840,0.00,8.72,0.00,3.19,11.91,1.00,52.00,0.00,0.00,0.0000,
2026-06-26 21:47:14,Fairness,NN8,census,2,race,full,0,IDR,0.1200,0.1250,0.8840,0.8850,-4.17,8.44,0.00,6.50,14.94,2.00,52.00,0.00,0.00,0.0000,
2026-06-26 21:49:08,Fairness,NN8,census,3,race,full,0,IDR,0.1200,0.1090,0.8840,0.8840,9.17,8.10,0.00,9.35,17.46,3.00,52.00,0.00,0.00,0.0000,
2026-06-26 21:51:00,Fairness,NN8,census,4,race,full,0,IDR,0.1200,0.0160,0.8840,0.8810,86.67,8.57,0.00,7.61,16.17,4.00,52.00,0.00,0.00,0.0000,
2026-06-26 21:52:54,Fairness,NN8,census,5,race,full,0,IDR,0.1200,0.0160,0.8840,0.8800,86.67,8.18,0.00,8.92,17.09,5.00,52.00,0.00,0.00,0.0000,
2026-06-26 21:54:45,Fairness,NN8,census,6,race,full,0,IDR,0.1200,0.0160,0.8840,0.8800,86.67,8.39,0.00,8.49,16.89,6.00,52.00,0.00,0.00,0.0000,
2026-06-26 21:56:39,Fairness,NN8,census,7,race,full,0,IDR,0.1200,0.0160,0.8840,0.8850,86.67,8.27,0.00,9.17,17.44,7.00,52.00,0.00,0.00,0.0000,
2026-06-26 21:58:30,Fairness,NN8,census,8,race,full,0,IDR,0.1200,0.0170,0.8840,0.8850,85.83,8.46,0.00,8.32,16.79,8.00,52.00,0.00,0.00,0.0000,
2026-06-26 22:00:26,Fairness,NN8,census,9,race,full,0,IDR,0.1200,0.0160,0.8840,0.8740,86.67,8.26,0.00,9.24,17.51,9.00,52.00,0.00,0.00,0.0000,
2026-06-26 22:02:24,Fairness,NN8,census,10,race,full,0,IDR,0.1200,0.0180,0.8840,0.8680,85.00,9.03,0.00,8.47,17.50,10.00,52.00,0.00,0.00,0.0000,
2026-06-26 22:03:41,Fairness,NN10,credit,1,age,full,0,IDR,0.3083,0.2567,1.0000,0.9717,16.76,5.14,0.00,9.06,14.20,1.00,43.00,0.00,0.00,0.0000,
2026-06-26 22:04:53,Fairness,NN10,credit,2,age,full,0,IDR,0.3083,0.2367,1.0000,0.9783,23.24,5.51,0.00,9.97,15.48,2.00,43.00,0.00,0.00,0.0000,
2026-06-26 22:06:02,Fairness,NN10,credit,3,age,full,0,IDR,0.3083,0.1717,1.0000,0.9750,44.32,5.82,0.00,9.00,14.81,3.00,43.00,0.00,0.00,0.0000,
2026-06-26 22:07:09,Fairness,NN10,credit,4,age,full,0,IDR,0.3083,0.1517,1.0000,0.9783,21.62,5.44,0.00,7.49,12.93,4.00,43.00,0.00,0.00,0.0000,
2026-06-26 22:08:20,Fairness,NN10,credit,5,age,full,0,IDR,0.3083,0.1233,1.0000,0.9780,21.08,5.48,0.00,8.95,14.43,5.00,43.00,0.00,0.00,0.0000,
2026-06-26 22:09:29,Fairness,NN10,credit,6,age,full,0,IDR,0.3083,0.0883,1.0000,0.9783,9.73,5.29,0.00,9.00,14.29,6.00,43.00,0.00,0.00,0.0000,
2026-06-26 22:10:37,Fairness,NN10,credit,7,age,full,0,IDR,0.3083,0.0883,1.0000,0.9567,22.70,4.91,0.00,6.61,11.51,7.00,43.00,0.00,0.00,0.0000,
2026-06-26 22:11:48,Fairness,NN10,credit,8,age,full,0,IDR,0.3083,0.0783,1.0000,0.9457,16.22,6.00,0.00,8.05,14.05,8.00,43.00,0.00,0.00,0.0000,
2026-06-26 22:13:07,Fairness,NN10,credit,9,age,full,0,IDR,0.3083,0.0867,1.0000,0.9350,20.00,5.35,0.00,8.12,13.48,9.00,43.00,0.00,0.00,0.0000,
2026-06-26 22:14:17,Fairness,NN10,credit,10,age,full,0,IDR,0.3083,0.0717,1.0000,0.9467,8.65,5.86,0.00,9.21,15.07,10.00,43.00,0.00,0.00,0.0000,
2026-06-26 22:15:53,Fairness,NN10,credit,1,gender,full,0,IDR,0.1450,0.0650,1.0000,0.9883,-6.90,5.46,0.00,5.67,11.13,1.00,70.00,0.00,0.00,0.0000,
2026-06-26 22:17:35,Fairness,NN10,credit,2,gender,full,0,IDR,0.1450,0.0683,1.0000,0.9850,-9.20,5.76,0.00,12.29,18.06,2.00,70.00,0.00,0.00,0.0000,
2026-06-26 22:19:23,Fairness,NN10,credit,3,gender,full,0,IDR,0.1450,0.0600,1.0000,0.9550,-17.24,5.49,0.00,7.29,12.79,3.00,70.00,0.00,0.00,0.0000,
2026-06-26 22:21:02,Fairness,NN10,credit,4,gender,full,0,IDR,0.1450,0.0717,1.0000,0.9583,-11.49,6.01,0.00,9.08,15.09,4.00,70.00,0.00,0.00,0.0000,
2026-06-26 22:22:39,Fairness,NN10,credit,5,gender,full,0,IDR,0.1450,0.0683,1.0000,0.9633,-29.89,5.49,0.00,8.04,13.53,5.00,70.00,0.00,0.00,0.0000,
2026-06-26 22:24:16,Fairness,NN10,credit,6,gender,full,0,IDR,0.1450,0.0650,1.0000,0.9583,0.00,5.80,0.00,8.19,13.98,6.00,70.00,0.00,0.00,0.0000,
2026-06-26 22:25:52,Fairness,NN10,credit,7,gender,full,0,IDR,0.1450,0.0617,1.0000,0.9533,2.30,5.50,0.00,7.46,12.96,7.00,70.00,0.00,0.00,0.0000,
2026-06-26 22:27:28,Fairness,NN10,credit,8,gender,full,0,IDR,0.1450,0.0627,1.0000,0.9600,-8.05,5.98,0.00,8.69,14.67,8.00,70.00,0.00,0.00,0.0000,
2026-06-26 22:29:04,Fairness,NN10,credit,9,gender,full,0,IDR,0.1450,0.0650,1.0000,0.9617,-6.90,5.71,0.00,7.88,13.59,9.00,70.00,0.00,0.00,0.0000,
2026-06-26 22:30:42,Fairness,NN10,credit,10,gender,full,0,IDR,0.1450,0.0667,1.0000,0.9400,-8.05,5.41,0.00,9.26,14.67,10.00,70.00,0.00,0.00,0.0000,
2026-06-26 22:31:13,Backdoor,NN2,MNIST,1,none,full,1,ASR,100.0000,0.0263,99.5600,99.5400,13,0.000016,7.56,0.00,13.82,21.38,,NULL,NULL,NULL,NULL
2026-06-26 22:31:38,Backdoor,NN2,MNIST,2,none,full,1,ASR,100.0000,0.0243,99.5600,99.6400,16,0.000019,8.48,0.00,6.81,15.29,,NULL,NULL,NULL,NULL
2026-06-26 22:32:03,Backdoor,NN2,MNIST,3,none,full,1,ASR,100.0000,0.0213,99.5600,99.5600,19,0.000023,9.23,0.00,6.09,15.32,,NULL,NULL,NULL,NULL
2026-06-26 22:32:33,Backdoor,NN2,MNIST,4,none,full,1,ASR,100.0000,0.0851,99.5600,99.5400,22,0.000027,9.95,0.00,10.80,20.75,,NULL,NULL,NULL,NULL
2026-06-26 22:32:58,Backdoor,NN2,MNIST,5,none,full,1,ASR,100.0000,0.0673,99.5600,99.6600,25,0.000030,8.17,0.00,8.16,16.32,,NULL,NULL,NULL,NULL
2026-06-26 22:33:30,Backdoor,NN2,MNIST,6,none,full,1,ASR,100.0000,0.0007,99.5600,99.5800,28,0.000034,7.89,0.00,14.53,22.42,,NULL,NULL,NULL,NULL
2026-06-26 22:33:55,Backdoor,NN2,MNIST,7,none,full,1,ASR,100.0000,0.0000,99.5600,99.5000,31,0.000038,8.15,0.00,6.96,15.10,,NULL,NULL,NULL,NULL
2026-06-26 22:34:20,Backdoor,NN2,MNIST,8,none,full,1,ASR,100.0000,0.0000,99.5600,99.5100,34,0.000041,8.08,0.00,7.75,15.83,,NULL,NULL,NULL,NULL
2026-06-26 22:34:49,Backdoor,NN2,MNIST,9,none,full,1,ASR,100.0000,0.0005,99.5600,99.5000,37,0.000045,8.05,0.00,11.92,19.96,,NULL,NULL,NULL,NULL
2026-06-26 22:35:16,Backdoor,NN2,MNIST,10,none,full,1,ASR,100.0000,0.0000,99.5600,99.4600,40,0.000049,8.17,0.00,10.39,18.56,,NULL,NULL,NULL,NULL
2026-06-26 22:35:43,Backdoor,NN2,MNIST,12,none,full,1,ASR,100.0000,0.0002,99.5600,99.8800,46,0.000056,7.80,0.00,9.43,17.22,,NULL,NULL,NULL,NULL
2026-06-26 22:36:09,Backdoor,NN2,MNIST,15,none,full,1,ASR,100.0000,0.0006,99.5600,99.4400,55,0.000067,7.85,0.00,9.01,16.86,,NULL,NULL,NULL,NULL
2026-06-26 22:36:40,Backdoor,NN2,MNIST,20,none,full,1,ASR,100.0000,0.4009,99.5600,99.4200,66,0.000080,8.11,0.00,13.88,21.99,,NULL,NULL,NULL,NULL
2026-06-26 22:37:05,Backdoor,NN2,MNIST,25,none,full,1,ASR,100.0000,0.0002,99.5600,99.4800,76,0.000092,7.95,0.00,8.35,16.30,,NULL,NULL,NULL,NULL
2026-06-26 22:37:30,Backdoor,NN2,MNIST,30,none,full,1,ASR,100.0000,0.0006,99.5600,99.4800,86,0.000105,8.12,0.00,7.60,15.73,,NULL,NULL,NULL,NULL
2026-06-26 22:38:02,Backdoor,NN2,Fashion-MNIST,1,none,full,1,ASR,98.5556,0.0444,92.4000,92.3400,14,0.000058,9.94,0.00,11.71,21.65,,NULL,NULL,NULL,NULL
2026-06-26 22:38:26,Backdoor,NN2,Fashion-MNIST,2,none,full,1,ASR,98.5556,0.0000,92.4000,92.2200,18,0.000075,9.29,0.00,6.36,15.65,,NULL,NULL,NULL,NULL
2026-06-26 22:39:03,Backdoor,NN2,Fashion-MNIST,3,none,full,1,ASR,98.5556,0.0000,92.4000,92.5400,22,0.000091,10.24,0.00,16.31,26.55,,NULL,NULL,NULL,NULL
2026-06-26 22:39:28,Backdoor,NN2,Fashion-MNIST,4,none,full,1,ASR,98.5556,0.0444,92.4000,92.3800,26,0.000108,10.35,0.00,5.88,16.23,,NULL,NULL,NULL,NULL
2026-06-26 22:40:04,Backdoor,NN2,Fashion-MNIST,5,none,full,1,ASR,98.5556,0.0222,92.4000,92.4000,30,0.000124,10.30,0.00,17.12,27.42,,NULL,NULL,NULL,NULL
2026-06-26 22:40:40,Backdoor,NN2,Fashion-MNIST,6,none,full,1,ASR,98.5556,0.0667,92.4000,92.2000,34,0.000141,9.50,0.00,17.03,26.53,,NULL,NULL,NULL,NULL
2026-06-26 22:41:08,Backdoor,NN2,Fashion-MNIST,7,none,full,1,ASR,98.5556,0.0444,92.4000,92.3400,38,0.000157,10.48,0.00,8.05,18.53,,NULL,NULL,NULL,NULL
2026-06-26 22:41:36,Backdoor,NN2,Fashion-MNIST,8,none,full,1,ASR,98.5556,0.0444,92.4000,92.2400,42,0.000174,10.50,0.00,8.91,19.42,,NULL,NULL,NULL,NULL
2026-06-26 22:42:03,Backdoor,NN2,Fashion-MNIST,9,none,full,1,ASR,98.5556,0.0667,92.4000,92.1800,46,0.000190,10.67,0.00,7.20,17.87,,NULL,NULL,NULL,NULL
2026-06-26 22:42:37,Backdoor,NN2,Fashion-MNIST,10,none,full,1,ASR,98.5556,0.0222,92.4000,91.9200,50,0.000207,10.13,0.00,14.96,25.08,,NULL,NULL,NULL,NULL
2026-06-26 22:43:08,Backdoor,NN2,Fashion-MNIST,12,none,full,1,ASR,98.5556,0.2222,92.4000,92.0200,58,0.000240,10.72,0.00,11.12,21.84,,NULL,NULL,NULL,NULL
2026-06-26 22:43:36,Backdoor,NN2,Fashion-MNIST,15,none,full,1,ASR,98.5556,0.3778,92.4000,91.8800,70,0.000290,10.54,0.00,8.33,18.87,,NULL,NULL,NULL,NULL
2026-06-26 22:44:05,Backdoor,NN2,Fashion-MNIST,20,none,full,1,ASR,98.5556,0.4444,92.4000,91.7200,90,0.000373,10.52,0.00,9.32,19.84,,NULL,NULL,NULL,NULL
2026-06-26 22:44:38,Backdoor,NN2,Fashion-MNIST,25,none,full,1,ASR,98.5556,0.7111,92.4000,91.7200,110,0.000455,10.58,0.00,13.25,23.84,,NULL,NULL,NULL,NULL
2026-06-26 22:45:12,Backdoor,NN2,Fashion-MNIST,30,none,full,1,ASR,98.5556,1.0667,92.4000,91.6800,130,0.000538,10.64,0.00,14.40,25.05,,NULL,NULL,NULL,NULL
2026-06-26 22:46:10,Backdoor,NN2,GTSRB,1,none,full,1,ASR,93.4678,0.6138,97.2354,97.4946,50,0.000087,18.30,0.00,29.91,48.21,,NULL,NULL,NULL,NULL
2026-06-26 22:47:08,Backdoor,NN2,GTSRB,2,none,full,1,ASR,93.4678,0.7453,97.2354,97.7106,57,0.000100,18.31,0.00,29.42,47.73,,NULL,NULL,NULL,NULL
2026-06-26 22:48:04,Backdoor,NN2,GTSRB,3,none,full,1,ASR,93.4678,0.2630,97.2354,97.4514,64,0.000112,18.17,0.00,29.77,47.94,,NULL,NULL,NULL,NULL
2026-06-26 22:49:03,Backdoor,NN2,GTSRB,4,none,full,1,ASR,93.4678,0.3069,97.2354,97.6242,71,0.000124,18.81,0.00,30.45,49.26,,NULL,NULL,NULL,NULL
2026-06-26 22:49:59,Backdoor,NN2,GTSRB,5,none,full,1,ASR,93.4678,0.4384,97.2354,97.3650,78,0.000136,17.22,0.00,30.14,47.36,,NULL,NULL,NULL,NULL
2026-06-26 22:50:58,Backdoor,NN2,GTSRB,6,none,full,1,ASR,93.4678,0.1315,97.2354,97.1058,85,0.000149,18.33,0.00,30.48,48.81,,NULL,NULL,NULL,NULL
2026-06-26 22:51:54,Backdoor,NN2,GTSRB,7,none,full,1,ASR,93.4678,0.3069,97.2354,97.2786,92,0.000161,18.13,0.00,29.04,47.18,,NULL,NULL,NULL,NULL
2026-06-26 22:52:52,Backdoor,NN2,GTSRB,8,none,full,1,ASR,93.4678,0.6138,97.2354,83.1102,99,0.000173,18.72,0.00,30.15,48.87,,NULL,NULL,NULL,NULL
2026-06-26 22:53:49,Backdoor,NN2,GTSRB,9,none,full,1,ASR,93.4678,0.3069,97.2354,94.2981,106,0.000185,18.56,0.00,29.85,48.41,,NULL,NULL,NULL,NULL
2026-06-26 22:54:46,Backdoor,NN2,GTSRB,10,none,full,1,ASR,93.4678,0.0000,97.2354,96.9762,113,0.000198,17.58,0.00,30.25,47.83,,NULL,NULL,NULL,NULL
2026-06-26 22:55:44,Backdoor,NN2,GTSRB,12,none,full,1,ASR,93.4678,0.0438,97.2354,97.0194,127,0.000222,18.55,0.00,29.91,48.47,,NULL,NULL,NULL,NULL
2026-06-26 22:56:42,Backdoor,NN2,GTSRB,15,none,full,1,ASR,93.4678,0.0438,97.2354,95.2052,148,0.000259,18.41,0.00,29.64,48.05,,NULL,NULL,NULL,NULL
2026-06-26 22:57:12,Backdoor,NN2,GTSRB,20,none,full,1,ASR,93.4678,0.0000,97.2354,95.3132,183,0.000320,18.05,0.00,2.71,20.75,,NULL,NULL,NULL,NULL
2026-06-26 22:58:09,Backdoor,NN2,GTSRB,25,none,full,1,ASR,93.4678,0.3507,97.2354,90.4968,218,0.000381,18.15,0.00,30.01,48.16,,NULL,NULL,NULL,NULL
2026-06-26 22:58:40,Backdoor,NN2,GTSRB,30,none,full,1,ASR,93.4678,0.0000,97.2354,90.4320,253,0.000443,18.73,0.00,2.81,21.54,,NULL,NULL,NULL,NULL
2026-06-26 22:59:24,Backdoor,NN2,CIFAR-10,1,none,full,1,ASR,96.2180,1.6240,71.0400,69.7400,15,0.000017,13.18,0.00,17.62,30.80,,NULL,NULL,NULL,NULL
2026-06-26 23:00:10,Backdoor,NN2,CIFAR-10,2,none,full,1,ASR,96.2180,2.3137,71.0400,69.1600,20,0.000022,13.70,0.00,21.27,34.98,,NULL,NULL,NULL,NULL
2026-06-26 23:00:56,Backdoor,NN2,CIFAR-10,3,none,full,1,ASR,96.2180,2.4694,71.0400,67.6600,25,0.000028,12.73,0.00,20.84,33.57,,NULL,NULL,NULL,NULL
2026-06-26 23:01:43,Backdoor,NN2,CIFAR-10,4,none,full,1,ASR,96.2180,2.3359,71.0400,67.1400,30,0.000034,13.80,0.00,21.13,34.92,,NULL,NULL,NULL,NULL
2026-06-26 23:02:28,Backdoor,NN2,CIFAR-10,5,none,full,1,ASR,96.2180,4.8276,71.0400,65.6400,35,0.000039,12.75,0.00,20.97,33.72,,NULL,NULL,NULL,NULL
2026-06-26 23:03:14,Backdoor,NN2,CIFAR-10,6,none,full,1,ASR,96.2180,4.3826,71.0400,66.4600,40,0.000045,13.19,0.00,20.84,34.03,,NULL,NULL,NULL,NULL
2026-06-26 23:04:00,Backdoor,NN2,CIFAR-10,7,none,full,1,ASR,96.2180,4.6941,71.0400,65.9400,45,0.000051,13.24,0.00,20.70,33.94,,NULL,NULL,NULL,NULL
2026-06-26 23:04:50,Backdoor,NN2,CIFAR-10,8,none,full,1,ASR,96.2180,4.7608,71.0400,65.2600,50,0.000056,13.63,0.00,24.01,37.64,,NULL,NULL,NULL,NULL
2026-06-26 23:05:37,Backdoor,NN2,CIFAR-10,9,none,full,1,ASR,96.2180,3.9377,71.0400,65.6600,55,0.000062,13.35,0.00,20.94,34.29,,NULL,NULL,NULL,NULL
2026-06-26 23:06:22,Backdoor,NN2,CIFAR-10,10,none,full,1,ASR,96.2180,4.3604,71.0400,66.3200,60,0.000067,13.29,0.00,20.40,33.69,,NULL,NULL,NULL,NULL
2026-06-26 23:07:08,Backdoor,NN2,CIFAR-10,12,none,full,1,ASR,96.2180,3.8265,71.0400,65.7600,70,0.000079,13.68,0.00,20.91,34.59,,NULL,NULL,NULL,NULL
2026-06-26 23:07:53,Backdoor,NN2,CIFAR-10,15,none,full,1,ASR,96.2180,3.9377,71.0400,66.7400,85,0.000095,12.07,0.00,21.12,33.19,,NULL,NULL,NULL,NULL
2026-06-26 23:08:39,Backdoor,NN2,CIFAR-10,20,none,full,1,ASR,96.2180,3.8042,71.0400,66.8800,110,0.000124,13.55,0.00,20.54,34.09,,NULL,NULL,NULL,NULL
2026-06-26 23:09:24,Backdoor,NN2,CIFAR-10,25,none,full,1,ASR,96.2180,2.9143,71.0400,66.9200,135,0.000152,12.68,0.00,20.96,33.64,,NULL,NULL,NULL,NULL
2026-06-26 23:10:10,Backdoor,NN2,CIFAR-10,30,none,full,1,ASR,96.2180,2.6029,71.0400,66.7000,160,0.000180,13.34,0.00,20.18,33.52,,NULL,NULL,NULL,NULL
2026-06-26 23:13:41,Safety,NN5,ACAS_Xu_N2_9,1,none,full,1,VR,1.0000,0.0000,1.0000,0.9992,6,0.000451,10.46,0.00,193.41,203.86,,NULL,NULL,NULL,NULL
2026-06-26 23:17:12,Safety,NN5,ACAS_Xu_N2_9,2,none,full,1,VR,1.0000,0.0000,1.0000,1.0000,12,0.000902,8.94,0.00,195.83,204.78,,NULL,NULL,NULL,NULL
2026-06-26 23:20:41,Safety,NN5,ACAS_Xu_N2_9,3,none,full,1,VR,1.0000,0.0000,1.0000,1.0000,18,0.001353,9.15,0.00,193.94,203.10,,NULL,NULL,NULL,NULL
2026-06-26 23:24:10,Safety,NN5,ACAS_Xu_N2_9,4,none,full,1,VR,1.0000,0.0000,1.0000,1.0000,24,0.001804,8.90,0.00,193.32,202.22,,NULL,NULL,NULL,NULL
2026-06-26 23:27:42,Safety,NN5,ACAS_Xu_N2_9,5,none,full,1,VR,1.0000,0.0000,1.0000,1.0000,30,0.002255,9.27,0.00,195.59,204.86,,NULL,NULL,NULL,NULL
2026-06-26 23:31:11,Safety,NN5,ACAS_Xu_N2_9,6,none,full,1,VR,1.0000,0.0000,1.0000,1.0000,36,0.002706,8.83,0.00,194.23,203.06,,NULL,NULL,NULL,NULL
2026-06-26 23:34:41,Safety,NN5,ACAS_Xu_N2_9,7,none,full,1,VR,1.0000,0.0000,1.0000,1.0000,42,0.003157,9.26,0.00,194.04,203.30,,NULL,NULL,NULL,NULL
2026-06-26 23:38:11,Safety,NN5,ACAS_Xu_N2_9,8,none,full,1,VR,1.0000,0.0000,1.0000,1.0000,48,0.003608,9.48,0.00,193.96,203.44,,NULL,NULL,NULL,NULL
2026-06-26 23:41:40,Safety,NN5,ACAS_Xu_N2_9,9,none,full,1,VR,1.0000,0.0000,1.0000,1.0000,54,0.004059,9.14,0.00,193.01,202.15,,NULL,NULL,NULL,NULL
2026-06-26 23:45:08,Safety,NN5,ACAS_Xu_N2_9,10,none,full,1,VR,1.0000,0.0000,1.0000,1.0000,60,0.004510,7.93,0.00,193.70,201.63,,NULL,NULL,NULL,NULL
2026-06-26 23:48:35,Safety,NN5,ACAS_Xu_N2_9,12,none,full,1,VR,1.0000,0.0000,1.0000,1.0000,72,0.005411,9.18,0.00,190.80,199.98,,NULL,NULL,NULL,NULL
2026-06-26 23:52:03,Safety,NN5,ACAS_Xu_N2_9,15,none,full,1,VR,1.0000,0.0000,1.0000,1.0000,90,0.006764,9.38,0.00,192.34,201.72,,NULL,NULL,NULL,NULL
2026-06-26 23:55:27,Safety,NN5,ACAS_Xu_N2_9,20,none,full,1,VR,1.0000,0.0000,1.0000,1.0000,120,0.009019,9.06,0.00,188.55,197.61,,NULL,NULL,NULL,NULL
2026-06-26 23:58:57,Safety,NN6,ACAS_Xu_N3_3,1,none,full,1,VR,1.0000,0.0792,1.0000,0.9804,6,0.000451,11.79,0.00,191.57,203.36,,NULL,NULL,NULL,NULL
2026-06-27 00:02:29,Safety,NN6,ACAS_Xu_N3_3,2,none,full,1,VR,1.0000,0.1196,1.0000,0.9864,12,0.000902,10.62,0.00,194.46,205.08,,NULL,NULL,NULL,NULL
2026-06-27 00:05:59,Safety,NN6,ACAS_Xu_N3_3,3,none,full,1,VR,1.0000,0.0850,1.0000,0.9940,18,0.001353,10.27,0.00,192.75,203.02,,NULL,NULL,NULL,NULL
2026-06-27 00:09:28,Safety,NN6,ACAS_Xu_N3_3,4,none,full,1,VR,1.0000,0.1144,1.0000,0.9964,24,0.001804,11.31,0.00,191.22,202.53,,NULL,NULL,NULL,NULL
2026-06-27 00:12:57,Safety,NN6,ACAS_Xu_N3_3,5,none,full,1,VR,1.0000,0.0138,1.0000,0.9976,30,0.002255,11.29,0.00,191.12,202.42,,NULL,NULL,NULL,NULL
2026-06-27 00:16:29,Safety,NN6,ACAS_Xu_N3_3,6,none,full,1,VR,1.0000,0.0000,1.0000,1.0000,36,0.002706,11.50,0.00,193.66,205.16,,NULL,NULL,NULL,NULL
2026-06-27 00:19:59,Safety,NN6,ACAS_Xu_N3_3,7,none,full,1,VR,1.0000,0.0000,1.0000,1.0000,42,0.003157,10.55,0.00,193.02,203.57,,NULL,NULL,NULL,NULL
2026-06-27 00:23:36,Safety,NN6,ACAS_Xu_N3_3,8,none,full,1,VR,1.0000,1.0000,1.0000,0.0000,48,0.003608,10.07,0.00,200.82,210.89,,NULL,NULL,NULL,NULL
2026-06-27 00:27:36,Safety,NN6,ACAS_Xu_N3_3,9,none,full,1,VR,1.0000,1.0000,1.0000,0.0000,54,0.004059,14.28,0.00,218.38,232.66,,NULL,NULL,NULL,NULL
2026-06-27 00:31:31,Safety,NN6,ACAS_Xu_N3_3,10,none,full,1,VR,1.0000,1.0000,1.0000,0.0000,60,0.004510,10.45,0.00,218.71,229.16,,NULL,NULL,NULL,NULL
2026-06-27 00:35:20,Safety,NN6,ACAS_Xu_N3_3,12,none,full,1,VR,1.0000,0.0000,1.0000,1.0000,72,0.005411,13.88,0.00,207.61,221.49,,NULL,NULL,NULL,NULL
2026-06-27 00:38:58,Safety,NN6,ACAS_Xu_N3_3,15,none,full,1,VR,1.0000,0.0000,1.0000,1.0000,90,0.006764,13.83,0.00,197.46,211.29,,NULL,NULL,NULL,NULL
2026-06-27 00:42:21,Safety,NN6,ACAS_Xu_N3_3,20,none,full,1,VR,1.0000,0.0000,1.0000,1.0000,120,0.009019,10.77,0.00,185.73,196.50,,NULL,NULL,NULL,NULL
2026-06-27 00:45:41,Safety,NN7,ACAS_Xu_N1_9,1,none,full,1,VR,1.0000,0.2259,1.0000,1.0000,6,0.000451,7.02,0.00,185.80,192.82,,NULL,NULL,NULL,NULL
2026-06-27 00:48:52,Safety,NN7,ACAS_Xu_N1_9,2,none,full,1,VR,1.0000,0.0467,1.0000,1.0000,12,0.000902,7.45,0.00,178.14,185.58,,NULL,NULL,NULL,NULL
2026-06-27 00:52:05,Safety,NN7,ACAS_Xu_N1_9,3,none,full,1,VR,1.0000,0.1305,1.0000,1.0000,18,0.001353,7.31,0.00,179.27,186.57,,NULL,NULL,NULL,NULL
2026-06-27 00:55:18,Safety,NN7,ACAS_Xu_N1_9,4,none,full,1,VR,1.0000,0.0483,1.0000,1.0000,24,0.001804,7.09,0.00,179.72,186.81,,NULL,NULL,NULL,NULL
2026-06-27 00:58:32,Safety,NN7,ACAS_Xu_N1_9,5,none,full,1,VR,1.0000,0.0613,1.0000,1.0000,30,0.002255,7.00,0.00,179.70,186.70,,NULL,NULL,NULL,NULL
2026-06-27 01:01:49,Safety,NN7,ACAS_Xu_N1_9,6,none,full,1,VR,1.0000,0.0023,1.0000,1.0000,36,0.002706,7.14,0.00,183.59,190.73,,NULL,NULL,NULL,NULL
2026-06-27 01:05:10,Safety,NN7,ACAS_Xu_N1_9,7,none,full,1,VR,1.0000,0.0018,1.0000,0.9999,42,0.003157,7.08,0.00,186.48,193.56,,NULL,NULL,NULL,NULL
2026-06-27 01:08:29,Safety,NN7,ACAS_Xu_N1_9,8,none,full,1,VR,1.0000,0.0000,1.0000,0.9997,48,0.003608,7.34,0.00,186.00,193.34,,NULL,NULL,NULL,NULL
2026-06-27 01:11:48,Safety,NN7,ACAS_Xu_N1_9,9,none,full,1,VR,1.0000,0.0000,1.0000,0.9973,54,0.004059,7.52,0.00,184.54,192.06,,NULL,NULL,NULL,NULL
2026-06-27 01:15:03,Safety,NN7,ACAS_Xu_N1_9,10,none,full,1,VR,1.0000,0.0000,1.0000,0.9991,60,0.004510,7.02,0.00,182.18,189.20,,NULL,NULL,NULL,NULL
2026-06-27 01:18:19,Safety,NN7,ACAS_Xu_N1_9,12,none,full,1,VR,1.0000,0.0010,1.0000,0.9994,72,0.005411,6.98,0.00,181.67,188.66,,NULL,NULL,NULL,NULL
2026-06-27 01:21:35,Safety,NN7,ACAS_Xu_N1_9,15,none,full,1,VR,1.0000,0.0008,1.0000,0.9999,90,0.006764,6.99,0.00,182.50,189.49,,NULL,NULL,NULL,NULL
2026-06-27 01:24:47,Safety,NN7,ACAS_Xu_N1_9,20,none,full,1,VR,1.0000,0.0000,1.0000,1.0000,120,0.009019,6.97,0.00,179.34,186.32,,NULL,NULL,NULL,NULL
2026-06-27 01:26:51,Fairness,NN9,bank,1,age,full,1,IDR,0.0760,0.0000,0.9810,0.9810,100.00,8.16,0.00,4.84,12.99,1.00,40.00,0.00,0.00,0.0000,
2026-06-27 01:28:52,Fairness,NN9,bank,2,age,full,1,IDR,0.0760,0.0000,0.9810,0.9810,100.00,7.79,0.00,5.00,12.78,2.00,40.00,0.00,0.00,0.0000,
2026-06-27 01:30:55,Fairness,NN9,bank,3,age,full,1,IDR,0.0760,0.0010,0.9810,0.9810,98.68,8.35,0.00,4.73,13.08,3.00,40.00,0.00,0.00,0.0000,
2026-06-27 01:32:56,Fairness,NN9,bank,4,age,full,1,IDR,0.0760,0.0000,0.9810,0.9810,100.00,7.00,0.00,4.26,11.27,4.00,40.00,0.00,0.00,0.0000,
2026-06-27 01:34:59,Fairness,NN9,bank,5,age,full,1,IDR,0.0760,0.0000,0.9810,0.9810,100.00,8.00,0.00,4.82,12.83,5.00,40.00,0.00,0.00,0.0000,
2026-06-27 01:37:06,Fairness,NN9,bank,6,age,full,1,IDR,0.0760,0.0000,0.9810,0.9810,100.00,8.17,0.00,5.14,13.30,6.00,40.00,0.00,0.00,0.0000,
2026-06-27 01:39:26,Fairness,NN9,bank,7,age,full,1,IDR,0.0760,0.0000,0.9810,0.9810,100.00,7.98,0.00,4.50,12.48,7.00,40.00,0.00,0.00,0.0000,
2026-06-27 01:41:29,Fairness,NN9,bank,8,age,full,1,IDR,0.0760,0.0000,0.9810,0.9810,100.00,8.15,0.00,5.01,13.16,8.00,40.00,0.00,0.00,0.0000,
2026-06-27 01:43:32,Fairness,NN9,bank,9,age,full,1,IDR,0.0760,0.0000,0.9810,0.9810,100.00,8.42,0.00,5.13,13.55,9.00,40.00,0.00,0.00,0.0000,
2026-06-27 01:45:35,Fairness,NN9,bank,10,age,full,1,IDR,0.0760,0.0000,0.9810,0.9810,100.00,7.86,0.00,4.35,12.21,10.00,40.00,0.00,0.00,0.0000,
2026-06-27 01:47:20,Fairness,NN8,census,1,age,full,1,IDR,0.1730,0.1820,0.8840,0.8770,-5.20,7.95,0.00,5.81,13.77,1.00,42.00,0.00,0.00,0.0000,
2026-06-27 01:48:46,Fairness,NN8,census,2,age,full,1,IDR,0.1730,0.1900,0.8840,0.8720,-9.83,8.87,0.00,7.21,16.07,2.00,42.00,0.00,0.00,0.0000,
2026-06-27 01:50:17,Fairness,NN8,census,3,age,full,1,IDR,0.1730,0.1820,0.8840,0.8770,-5.20,10.37,0.00,7.23,17.60,3.00,42.00,0.00,0.00,0.0000,
2026-06-27 01:52:01,Fairness,NN8,census,4,age,full,1,IDR,0.1730,0.0270,0.8840,0.8050,84.39,8.94,0.00,7.65,16.59,4.00,42.00,0.00,0.00,0.0000,
2026-06-27 01:53:25,Fairness,NN8,census,5,age,full,1,IDR,0.1730,0.0290,0.8840,0.8090,83.24,8.87,0.00,9.18,18.06,5.00,42.00,0.00,0.00,0.0000,
2026-06-27 01:55:30,Fairness,NN8,census,6,age,full,1,IDR,0.1730,0.0240,0.8840,0.8060,86.13,11.06,0.00,12.35,23.40,6.00,42.00,0.00,0.00,0.0000,
2026-06-27 01:56:50,Fairness,NN8,census,7,age,full,1,IDR,0.1730,0.0270,0.8840,0.8110,84.39,9.32,0.00,7.75,17.06,7.00,42.00,0.00,0.00,0.0000,
2026-06-27 01:58:10,Fairness,NN8,census,8,age,full,1,IDR,0.1730,0.0310,0.8840,0.8130,82.08,9.54,0.00,7.64,17.17,8.00,42.00,0.00,0.00,0.0000,
2026-06-27 01:59:36,Fairness,NN8,census,9,age,full,1,IDR,0.1730,0.0290,0.8840,0.8130,83.24,9.29,0.00,10.26,19.55,9.00,42.00,0.00,0.00,0.0000,
2026-06-27 02:01:13,Fairness,NN8,census,10,age,full,1,IDR,0.1730,0.0280,0.8840,0.8130,83.82,9.03,0.00,8.49,17.52,10.00,42.00,0.00,0.00,0.0000,
2026-06-27 02:13:01,Backdoor,NN2,MNIST,1,none,full,0,ASR,100.0000,0.0253,99.5600,99.0400,13,0.000016,8.50,0.00,29.29,37.79,,NULL,NULL,NULL,NULL
2026-06-27 02:14:06,Backdoor,NN2,MNIST,2,none,full,0,ASR,100.0000,0.0223,99.5600,99.1400,16,0.000019,18.00,0.00,29.81,47.81,,NULL,NULL,NULL,NULL
2026-06-27 02:15:23,Backdoor,NN2,MNIST,3,none,full,0,ASR,100.0000,0.0123,99.5600,99.9600,19,0.000023,21.42,0.00,35.72,57.14,,NULL,NULL,NULL,NULL
2026-06-27 02:16:29,Backdoor,NN2,MNIST,4,none,full,0,ASR,100.0000,0.0891,99.5600,99.5400,22,0.000027,16.88,0.00,29.08,45.96,,NULL,NULL,NULL,NULL
2026-06-27 02:17:35,Backdoor,NN2,MNIST,5,none,full,0,ASR,100.0000,0.0673,99.5600,99.6600,25,0.000030,16.78,0.00,30.40,47.18,,NULL,NULL,NULL,NULL
2026-06-27 02:18:46,Backdoor,NN2,MNIST,6,none,full,0,ASR,100.0000,0.0004,99.5600,99.5800,28,0.000034,19.05,0.00,33.61,52.66,,NULL,NULL,NULL,NULL
2026-06-27 02:19:27,Backdoor,NN2,MNIST,7,none,full,0,ASR,100.0000,0.0000,99.5600,99.5000,31,0.000038,14.60,0.00,10.87,25.47,,NULL,NULL,NULL,NULL
2026-06-27 02:20:13,Backdoor,NN2,MNIST,8,none,full,0,ASR,100.0000,0.0000,99.5600,99.5100,34,0.000041,17.04,0.00,19.56,36.59,,NULL,NULL,NULL,NULL
2026-06-27 02:21:18,Backdoor,NN2,MNIST,9,none,full,0,ASR,100.0000,0.0005,99.5600,99.5200,37,0.000045,21.18,0.00,25.01,46.19,,NULL,NULL,NULL,NULL
2026-06-27 02:21:57,Backdoor,NN2,MNIST,10,none,full,0,ASR,100.0000,0.0003,99.5600,99.4500,40,0.000049,12.83,0.00,14.93,27.76,,NULL,NULL,NULL,NULL
2026-06-27 02:22:27,Backdoor,NN2,MNIST,12,none,full,0,ASR,100.0000,0.0002,99.5600,99.8800,46,0.000056,8.96,0.00,10.57,19.53,,NULL,NULL,NULL,NULL
2026-06-27 02:23:06,Backdoor,NN2,MNIST,13,none,full,0,ASR,100.0000,0.0006,99.5600,99.4400,55,0.000067,10.30,0.00,18.51,28.81,,NULL,NULL,NULL,NULL
2026-06-27 02:23:35,Backdoor,NN2,MNIST,14,none,full,0,ASR,100.0000,0.0509,99.5600,99.4200,62,0.000075,8.81,0.00,10.88,19.69,,NULL,NULL,NULL,NULL
2026-06-27 02:24:32,Backdoor,NN2,MNIST,15,none,full,0,ASR,100.0000,0.0002,99.5600,99.4800,66,0.000080,16.99,0.00,21.02,38.01,,NULL,NULL,NULL,NULL
2026-06-27 02:25:24,Backdoor,NN2,MNIST,18,none,full,0,ASR,100.0000,0.0006,99.5600,99.4800,76,0.000092,16.40,0.00,19.82,36.23,,NULL,NULL,NULL,NULL
2026-06-27 02:26:26,Backdoor,NN2,MNIST,20,none,full,0,ASR,100.0000,0.3341,99.5600,99.5200,86,0.000105,15.96,0.00,30.86,46.81,,NULL,NULL,NULL,NULL
2026-06-27 02:27:19,Backdoor,NN2,MNIST,25,none,full,0,ASR,100.0000,0.4900,99.5600,99.4800,93,0.000113,15.76,0.00,21.40,37.16,,NULL,NULL,NULL,NULL
2026-06-27 02:28:05,Backdoor,NN2,MNIST,30,none,full,0,ASR,100.0000,0.5122,99.5600,99.4400,98,0.000119,15.54,0.00,16.06,31.59,,NULL,NULL,NULL,NULL
2026-06-27 02:29:16,Backdoor,NN2,Fashion-MNIST,1,none,full,0,ASR,98.5556,0.0000,92.4000,92.4800,14,0.000058,20.00,0.00,34.41,54.41,,NULL,NULL,NULL,NULL
2026-06-27 02:30:20,Backdoor,NN2,Fashion-MNIST,2,none,full,0,ASR,98.5556,0.0444,92.4000,92.3400,18,0.000075,23.15,0.00,21.57,44.73,,NULL,NULL,NULL,NULL
2026-06-27 02:31:25,Backdoor,NN2,Fashion-MNIST,3,none,full,0,ASR,98.5556,0.0000,92.4000,92.4000,22,0.000091,23.28,0.00,24.29,47.57,,NULL,NULL,NULL,NULL
2026-06-27 02:32:30,Backdoor,NN2,Fashion-MNIST,4,none,full,0,ASR,98.5556,0.0000,92.4000,92.4400,26,0.000108,19.11,0.00,31.72,50.82,,NULL,NULL,NULL,NULL
2026-06-27 02:33:33,Backdoor,NN2,Fashion-MNIST,5,none,full,0,ASR,98.5556,0.0222,92.4000,92.4400,30,0.000124,19.57,0.00,27.96,47.54,,NULL,NULL,NULL,NULL
2026-06-27 02:34:28,Backdoor,NN2,Fashion-MNIST,6,none,full,0,ASR,98.5556,0.0667,92.4000,92.1400,34,0.000141,19.94,0.00,17.71,37.65,,NULL,NULL,NULL,NULL
2026-06-27 02:35:45,Backdoor,NN2,Fashion-MNIST,7,none,full,0,ASR,98.5556,0.0222,92.4000,92.3200,38,0.000157,23.49,0.00,35.35,58.84,,NULL,NULL,NULL,NULL
2026-06-27 02:36:56,Backdoor,NN2,Fashion-MNIST,8,none,full,0,ASR,98.5556,0.0222,92.4000,92.3200,42,0.000174,22.89,0.00,29.14,52.03,,NULL,NULL,NULL,NULL
2026-06-27 02:37:40,Backdoor,NN2,Fashion-MNIST,9,none,full,0,ASR,98.5556,0.0222,92.4000,92.2400,46,0.000190,11.43,0.00,20.38,31.81,,NULL,NULL,NULL,NULL
2026-06-27 02:38:45,Backdoor,NN2,Fashion-MNIST,10,none,full,0,ASR,98.5556,0.0000,92.4000,92.2000,50,0.000207,23.44,0.00,21.31,44.75,,NULL,NULL,NULL,NULL
2026-06-27 02:39:29,Backdoor,NN2,Fashion-MNIST,12,none,full,0,ASR,98.5556,0.0889,92.4000,92.1000,58,0.000240,12.89,0.00,19.85,32.75,,NULL,NULL,NULL,NULL
2026-06-27 02:40:42,Backdoor,NN2,Fashion-MNIST,13,none,full,0,ASR,98.5556,0.2889,92.4000,91.8000,70,0.000290,26.38,0.00,31.36,57.75,,NULL,NULL,NULL,NULL
2026-06-27 02:41:54,Backdoor,NN2,Fashion-MNIST,14,none,full,0,ASR,98.5556,0.2444,92.4000,91.6600,82,0.000339,21.33,0.00,30.58,51.91,,NULL,NULL,NULL,NULL
2026-06-27 02:42:42,Backdoor,NN2,Fashion-MNIST,15,none,full,0,ASR,98.5556,0.3111,92.4000,91.6000,90,0.000373,16.82,0.00,14.04,30.85,,NULL,NULL,NULL,NULL
2026-06-27 02:43:54,Backdoor,NN2,Fashion-MNIST,18,none,full,0,ASR,98.5556,0.7333,92.4000,91.7400,110,0.000455,24.53,0.00,24.69,49.22,,NULL,NULL,NULL,NULL
2026-06-27 02:45:17,Backdoor,NN2,Fashion-MNIST,20,none,full,0,ASR,98.5556,1.0889,92.4000,91.5800,130,0.000538,23.30,0.00,42.58,65.88,,NULL,NULL,NULL,NULL
2026-06-27 02:45:49,Backdoor,NN2,Fashion-MNIST,25,none,full,0,ASR,98.5556,1.1778,92.4000,91.3200,147,0.000609,10.18,0.00,10.10,20.28,,NULL,NULL,NULL,NULL
2026-06-27 02:46:23,Backdoor,NN2,Fashion-MNIST,30,none,full,0,ASR,98.5556,1.1556,92.4000,91.6400,162,0.000671,9.81,0.00,15.58,25.40,,NULL,NULL,NULL,NULL
2026-06-27 02:47:29,Backdoor,NN2,GTSRB,1,none,full,0,ASR,93.4678,0.4822,97.2354,97.3650,50,0.000087,16.11,0.00,39.80,55.91,,NULL,NULL,NULL,NULL
2026-06-27 02:48:33,Backdoor,NN2,GTSRB,2,none,full,0,ASR,93.4678,0.6138,97.2354,97.7538,57,0.000100,17.59,0.00,30.82,48.41,,NULL,NULL,NULL,NULL
2026-06-27 02:50:21,Backdoor,NN2,GTSRB,3,none,full,0,ASR,93.4678,0.5261,97.2354,97.7106,64,0.000112,33.34,0.00,58.38,91.72,,NULL,NULL,NULL,NULL
2026-06-27 02:52:15,Backdoor,NN2,GTSRB,4,none,full,0,ASR,93.4678,0.2630,97.2354,97.3650,71,0.000124,35.93,0.00,63.04,98.97,,NULL,NULL,NULL,NULL
2026-06-27 02:53:42,Backdoor,NN2,GTSRB,5,none,full,0,ASR,93.4678,0.1754,97.2354,97.3218,78,0.000136,27.78,0.00,44.10,71.88,,NULL,NULL,NULL,NULL
2026-06-27 02:55:34,Backdoor,NN2,GTSRB,6,none,full,0,ASR,93.4678,0.0877,97.2354,97.8402,85,0.000149,31.04,0.00,65.08,96.12,,NULL,NULL,NULL,NULL
2026-06-27 02:56:45,Backdoor,NN2,GTSRB,7,none,full,0,ASR,93.4678,0.2192,97.2354,97.2786,92,0.000161,20.53,0.00,33.55,54.09,,NULL,NULL,NULL,NULL
2026-06-27 02:58:20,Backdoor,NN2,GTSRB,8,none,full,0,ASR,93.4678,0.0877,97.2354,96.5875,99,0.000173,33.60,0.00,51.59,85.19,,NULL,NULL,NULL,NULL
2026-06-27 02:59:35,Backdoor,NN2,GTSRB,9,none,full,0,ASR,93.4678,0.0438,97.2354,94.4708,106,0.000185,22.98,0.00,36.14,59.12,,NULL,NULL,NULL,NULL
2026-06-27 03:01:11,Backdoor,NN2,GTSRB,10,none,full,0,ASR,93.4678,0.0000,97.2354,97.0626,113,0.000198,19.02,0.00,60.36,79.38,,NULL,NULL,NULL,NULL
2026-06-27 03:03:06,Backdoor,NN2,GTSRB,12,none,full,0,ASR,93.4678,0.2630,97.2354,95.4644,127,0.000222,35.38,0.00,64.67,100.05,,NULL,NULL,NULL,NULL
2026-06-27 03:04:39,Backdoor,NN2,GTSRB,13,none,full,0,ASR,93.4678,0.0000,97.2354,95.5508,148,0.000259,24.46,0.00,52.93,77.39,,NULL,NULL,NULL,NULL
2026-06-27 03:05:54,Backdoor,NN2,GTSRB,14,none,full,0,ASR,93.4678,0.0000,97.2354,95.7667,169,0.000296,25.05,0.00,35.93,60.98,,NULL,NULL,NULL,NULL
2026-06-27 03:07:22,Backdoor,NN2,GTSRB,15,none,full,0,ASR,93.4678,0.0000,97.2354,94.8164,183,0.000320,22.30,0.00,53.63,75.92,,NULL,NULL,NULL,NULL
2026-06-27 03:08:23,Backdoor,NN2,GTSRB,18,none,full,0,ASR,93.4678,0.0000,97.2354,6.2203,218,0.000381,37.23,0.00,7.28,44.51,,NULL,NULL,NULL,NULL
2026-06-27 03:09:09,Backdoor,NN2,GTSRB,20,none,full,0,ASR,93.4678,0.0000,97.2354,6.2203,253,0.000443,32.01,0.00,3.09,35.11,,NULL,NULL,NULL,NULL
2026-06-27 03:10:31,Backdoor,NN2,GTSRB,25,none,full,0,ASR,93.4678,0.0000,97.2354,28.2505,282,0.000493,22.27,0.00,42.16,64.43,,NULL,NULL,NULL,NULL
2026-06-27 03:11:07,Backdoor,NN2,GTSRB,30,none,full,0,ASR,93.4678,0.0000,97.2354,0.4320,307,0.000537,19.15,0.00,7.11,26.26,,NULL,NULL,NULL,NULL
2026-06-27 03:12:25,Backdoor,NN2,CIFAR-10,1,none,full,0,ASR,96.2180,1.9132,71.0400,68.7000,15,0.000017,25.87,0.00,28.78,54.65,,NULL,NULL,NULL,NULL
2026-06-27 03:14:03,Backdoor,NN2,CIFAR-10,2,none,full,0,ASR,96.2180,2.2914,71.0400,68.2200,20,0.000022,26.17,0.00,52.46,78.64,,NULL,NULL,NULL,NULL
2026-06-27 03:15:27,Backdoor,NN2,CIFAR-10,3,none,full,0,ASR,96.2180,2.4694,71.0400,67.6000,25,0.000028,27.40,0.00,33.83,61.24,,NULL,NULL,NULL,NULL
2026-06-27 03:16:38,Backdoor,NN2,CIFAR-10,4,none,full,0,ASR,96.2180,2.5362,71.0400,66.9600,30,0.000034,25.53,0.00,20.47,46.01,,NULL,NULL,NULL,NULL
2026-06-27 03:17:23,Backdoor,NN2,CIFAR-10,5,none,full,0,ASR,96.2180,4.2492,71.0400,65.6600,35,0.000039,12.68,0.00,20.40,33.07,,NULL,NULL,NULL,NULL
2026-06-27 03:18:08,Backdoor,NN2,CIFAR-10,6,none,full,0,ASR,96.2180,4.5384,71.0400,65.2400,40,0.000045,12.61,0.00,20.30,32.91,,NULL,NULL,NULL,NULL
2026-06-27 03:18:53,Backdoor,NN2,CIFAR-10,7,none,full,0,ASR,96.2180,4.9611,71.0400,65.7400,45,0.000051,12.54,0.00,20.72,33.26,,NULL,NULL,NULL,NULL
2026-06-27 03:19:38,Backdoor,NN2,CIFAR-10,8,none,full,0,ASR,96.2180,4.8053,71.0400,65.8800,50,0.000056,12.45,0.00,20.34,32.78,,NULL,NULL,NULL,NULL
2026-06-27 03:20:25,Backdoor,NN2,CIFAR-10,9,none,full,0,ASR,96.2180,4.0267,71.0400,65.8000,55,0.000062,12.60,0.00,22.71,35.30,,NULL,NULL,NULL,NULL
2026-06-27 03:21:13,Backdoor,NN2,CIFAR-10,10,none,full,0,ASR,96.2180,4.2047,71.0400,65.5600,60,0.000067,12.75,0.00,22.26,35.01,,NULL,NULL,NULL,NULL
2026-06-27 03:22:01,Backdoor,NN2,CIFAR-10,12,none,full,0,ASR,96.2180,4.0934,71.0400,65.8800,70,0.000079,13.53,0.00,21.49,35.02,,NULL,NULL,NULL,NULL
2026-06-27 03:22:49,Backdoor,NN2,CIFAR-10,13,none,full,0,ASR,96.2180,3.8710,71.0400,67.5200,85,0.000095,13.51,0.00,21.04,34.55,,NULL,NULL,NULL,NULL
2026-06-27 03:23:34,Backdoor,NN2,CIFAR-10,14,none,full,0,ASR,96.2180,4.0934,71.0400,67.0200,100,0.000112,12.63,0.00,19.93,32.57,,NULL,NULL,NULL,NULL
2026-06-27 03:24:20,Backdoor,NN2,CIFAR-10,15,none,full,0,ASR,96.2180,3.2258,71.0400,66.6000,110,0.000124,12.82,0.00,20.92,33.74,,NULL,NULL,NULL,NULL
2026-06-27 03:25:05,Backdoor,NN2,CIFAR-10,18,none,full,0,ASR,96.2180,3.0033,71.0400,67.0200,135,0.000152,12.59,0.00,20.70,33.29,,NULL,NULL,NULL,NULL
2026-06-27 03:25:53,Backdoor,NN2,CIFAR-10,20,none,full,0,ASR,96.2180,2.5139,71.0400,66.6200,160,0.000180,13.47,0.00,22.15,35.62,,NULL,NULL,NULL,NULL
2026-06-27 03:26:45,Backdoor,NN2,CIFAR-10,25,none,full,0,ASR,96.2180,2.3804,71.0400,68.2400,179,0.000201,14.99,0.00,24.76,39.76,,NULL,NULL,NULL,NULL
2026-06-27 03:27:36,Backdoor,NN2,CIFAR-10,30,none,full,0,ASR,96.2180,2.3582,71.0400,64.6800,194,0.000218,13.94,0.00,22.22,36.15,,NULL,NULL,NULL,NULL
2026-06-27 13:13:58,Backdoor,NN2,MNIST,1,none,full,0,ASR,100.0000,0.0000,99.5600,99.2200,13,0.000016,6.76,0.00,8.29,15.04,,NULL,NULL,NULL,NULL
2026-06-27 13:14:20,Backdoor,NN2,MNIST,2,none,full,0,ASR,100.0000,0.0223,99.5600,99.0800,16,0.000019,6.47,0.00,8.00,14.47,,NULL,NULL,NULL,NULL
2026-06-27 13:14:42,Backdoor,NN2,MNIST,3,none,full,0,ASR,100.0000,0.1114,99.5600,99.0800,19,0.000023,6.90,0.00,5.39,12.29,,NULL,NULL,NULL,NULL
2026-06-27 13:15:06,Backdoor,NN2,MNIST,4,none,full,0,ASR,100.0000,0.0891,99.5600,99.3600,22,0.000027,6.95,0.00,9.28,16.24,,NULL,NULL,NULL,NULL
2026-06-27 13:15:33,Backdoor,NN2,MNIST,5,none,full,0,ASR,100.0000,0.1782,99.5600,99.3800,25,0.000030,6.04,0.00,14.57,20.61,,NULL,NULL,NULL,NULL
2026-06-27 13:15:56,Backdoor,NN2,MNIST,6,none,full,0,ASR,100.0000,0.0668,99.5600,99.2600,28,0.000034,6.44,0.00,7.86,14.30,,NULL,NULL,NULL,NULL
2026-06-27 13:16:19,Backdoor,NN2,MNIST,7,none,full,0,ASR,100.0000,0.0668,99.5600,99.3200,31,0.000038,6.63,0.00,8.81,15.44,,NULL,NULL,NULL,NULL
2026-06-27 13:16:39,Backdoor,NN2,MNIST,8,none,full,0,ASR,100.0000,0.3563,99.5600,99.3000,34,0.000041,6.09,0.00,6.43,12.52,,NULL,NULL,NULL,NULL
2026-06-27 13:17:02,Backdoor,NN2,MNIST,9,none,full,0,ASR,100.0000,0.2895,99.5600,99.1400,37,0.000045,6.33,0.00,7.09,13.41,,NULL,NULL,NULL,NULL
2026-06-27 13:17:21,Backdoor,NN2,MNIST,10,none,full,0,ASR,100.0000,0.7350,99.5600,99.0600,40,0.000049,6.72,0.00,4.53,11.25,,NULL,NULL,NULL,NULL
2026-06-27 13:17:52,Backdoor,NN2,MNIST,12,none,full,0,ASR,100.0000,0.5122,99.5600,99.3600,46,0.000056,6.45,0.00,16.83,23.28,,NULL,NULL,NULL,NULL
2026-06-27 13:18:18,Backdoor,NN2,MNIST,13,none,full,0,ASR,100.0000,0.1782,99.5600,99.3800,49,0.000060,6.28,0.00,12.22,18.51,,NULL,NULL,NULL,NULL
2026-06-27 13:18:40,Backdoor,NN2,MNIST,14,none,full,0,ASR,100.0000,0.5791,99.5600,99.3600,52,0.000063,6.19,0.00,8.18,14.37,,NULL,NULL,NULL,NULL
2026-06-27 13:19:02,Backdoor,NN2,MNIST,15,none,full,0,ASR,100.0000,0.6013,99.5600,99.4000,55,0.000067,6.62,0.00,7.31,13.94,,NULL,NULL,NULL,NULL
2026-06-27 13:19:22,Backdoor,NN2,MNIST,18,none,full,0,ASR,100.0000,0.7127,99.5600,99.4000,62,0.000075,6.06,0.00,6.90,12.96,,NULL,NULL,NULL,NULL
2026-06-27 13:19:54,Backdoor,NN2,MNIST,20,none,full,0,ASR,100.0000,0.6459,99.5600,99.4000,66,0.000080,7.52,0.00,16.44,23.97,,NULL,NULL,NULL,NULL
2026-06-27 13:20:18,Backdoor,NN2,MNIST,25,none,full,0,ASR,100.0000,0.5791,99.5600,99.5200,76,0.000092,6.15,0.00,10.27,16.42,,NULL,NULL,NULL,NULL
2026-06-27 13:20:44,Backdoor,NN2,MNIST,30,none,full,0,ASR,100.0000,0.5345,99.5600,99.5000,86,0.000105,6.78,0.00,10.61,17.39,,NULL,NULL,NULL,NULL
2026-06-27 13:21:09,Backdoor,NN2,MNIST,35,none,full,0,ASR,100.0000,0.4232,99.5600,99.4800,93,0.000113,6.52,0.00,10.25,16.76,,NULL,NULL,NULL,NULL
2026-06-27 13:21:40,Backdoor,NN2,MNIST,40,none,full,0,ASR,100.0000,0.3341,99.5600,99.4600,98,0.000119,7.27,0.00,13.96,21.23,,NULL,NULL,NULL,NULL
2026-06-27 13:22:04,Backdoor,NN2,Fashion-MNIST,1,none,full,0,ASR,98.5556,0.0444,92.4000,92.2400,14,0.000058,7.47,0.00,7.25,14.72,,NULL,NULL,NULL,NULL
2026-06-27 13:22:34,Backdoor,NN2,Fashion-MNIST,2,none,full,0,ASR,98.5556,0.0000,92.4000,92.4000,18,0.000075,8.53,0.00,12.06,20.60,,NULL,NULL,NULL,NULL
2026-06-27 13:22:57,Backdoor,NN2,Fashion-MNIST,3,none,full,0,ASR,98.5556,0.0000,92.4000,92.3800,22,0.000091,7.75,0.00,7.45,15.20,,NULL,NULL,NULL,NULL
2026-06-27 13:23:22,Backdoor,NN2,Fashion-MNIST,4,none,full,0,ASR,98.5556,0.0444,92.4000,92.3800,26,0.000108,7.51,0.00,9.85,17.36,,NULL,NULL,NULL,NULL
2026-06-27 13:23:48,Backdoor,NN2,Fashion-MNIST,5,none,full,0,ASR,98.5556,0.0000,92.4000,92.4600,30,0.000124,7.38,0.00,10.43,17.81,,NULL,NULL,NULL,NULL
2026-06-27 13:24:12,Backdoor,NN2,Fashion-MNIST,6,none,full,0,ASR,98.5556,0.0222,92.4000,92.3200,34,0.000141,9.05,0.00,7.02,16.07,,NULL,NULL,NULL,NULL
2026-06-27 13:24:35,Backdoor,NN2,Fashion-MNIST,7,none,full,0,ASR,98.5556,0.0222,92.4000,92.4400,38,0.000157,8.06,0.00,7.28,15.34,,NULL,NULL,NULL,NULL
2026-06-27 13:24:57,Backdoor,NN2,Fashion-MNIST,8,none,full,0,ASR,98.5556,0.0667,92.4000,92.3000,42,0.000174,7.83,0.00,5.83,13.66,,NULL,NULL,NULL,NULL
2026-06-27 13:25:23,Backdoor,NN2,Fashion-MNIST,9,none,full,0,ASR,98.5556,0.0889,92.4000,92.1400,46,0.000190,9.48,0.00,8.36,17.84,,NULL,NULL,NULL,NULL
2026-06-27 13:25:47,Backdoor,NN2,Fashion-MNIST,10,none,full,0,ASR,98.5556,0.0444,92.4000,92.0400,50,0.000207,7.40,0.00,8.10,15.50,,NULL,NULL,NULL,NULL
2026-06-27 13:26:14,Backdoor,NN2,Fashion-MNIST,12,none,full,0,ASR,98.5556,0.0444,92.4000,92.3200,58,0.000240,8.52,0.00,11.36,19.88,,NULL,NULL,NULL,NULL
2026-06-27 13:27:00,Backdoor,NN2,Fashion-MNIST,13,none,full,0,ASR,98.5556,0.2667,92.4000,91.6400,62,0.000257,9.94,0.00,27.78,37.72,,NULL,NULL,NULL,NULL
2026-06-27 13:27:33,Backdoor,NN2,Fashion-MNIST,14,none,full,0,ASR,98.5556,0.3111,92.4000,91.7000,66,0.000273,14.65,0.00,10.57,25.22,,NULL,NULL,NULL,NULL
2026-06-27 13:28:05,Backdoor,NN2,Fashion-MNIST,15,none,full,0,ASR,98.5556,0.2222,92.4000,91.8400,70,0.000290,8.27,0.00,15.34,23.61,,NULL,NULL,NULL,NULL
2026-06-27 13:28:29,Backdoor,NN2,Fashion-MNIST,18,none,full,0,ASR,98.5556,0.3556,92.4000,91.9000,82,0.000339,8.27,0.00,7.58,15.85,,NULL,NULL,NULL,NULL
2026-06-27 13:28:56,Backdoor,NN2,Fashion-MNIST,20,none,full,0,ASR,98.5556,0.4000,92.4000,91.7400,90,0.000373,8.36,0.00,9.83,18.20,,NULL,NULL,NULL,NULL
2026-06-27 13:29:44,Backdoor,NN2,Fashion-MNIST,25,none,full,0,ASR,98.5556,0.9333,92.4000,91.6600,110,0.000455,9.45,0.00,30.38,39.82,,NULL,NULL,NULL,NULL
2026-06-27 13:30:53,Backdoor,NN2,Fashion-MNIST,30,none,full,0,ASR,98.5556,1.1111,92.4000,91.4800,130,0.000538,20.20,0.00,31.62,51.82,,NULL,NULL,NULL,NULL
2026-06-27 13:31:55,Backdoor,NN2,Fashion-MNIST,35,none,full,0,ASR,98.5556,1.2667,92.4000,91.5000,147,0.000609,20.08,0.00,22.58,42.66,,NULL,NULL,NULL,NULL
2026-06-27 13:33:02,Backdoor,NN2,Fashion-MNIST,40,none,full,0,ASR,98.5556,1.1111,92.4000,91.7200,162,0.000671,20.69,0.00,29.19,49.89,,NULL,NULL,NULL,NULL
2026-06-27 13:34:58,Backdoor,NN2,GTSRB,1,none,full,0,ASR,93.4678,0.6138,97.2354,97.3650,50,0.000087,38.29,0.00,61.32,99.61,,NULL,NULL,NULL,NULL
2026-06-27 13:36:37,Backdoor,NN2,GTSRB,2,none,full,0,ASR,93.4678,0.7891,97.2354,97.7538,57,0.000100,24.96,0.00,60.87,85.83,,NULL,NULL,NULL,NULL
2026-06-27 13:38:28,Backdoor,NN2,GTSRB,3,none,full,0,ASR,93.4678,0.2192,97.2354,97.5810,64,0.000112,25.69,0.00,67.93,93.62,,NULL,NULL,NULL,NULL
2026-06-27 13:40:26,Backdoor,NN2,GTSRB,4,none,full,0,ASR,93.4678,0.2192,97.2354,97.5378,71,0.000124,38.07,0.00,61.65,99.73,,NULL,NULL,NULL,NULL
2026-06-27 13:42:21,Backdoor,NN2,GTSRB,5,none,full,0,ASR,93.4678,0.5699,97.2354,97.3218,78,0.000136,36.17,0.00,62.77,98.94,,NULL,NULL,NULL,NULL
2026-06-27 13:43:56,Backdoor,NN2,GTSRB,6,none,full,0,ASR,93.4678,0.0877,97.2354,97.1490,85,0.000149,39.17,0.00,36.35,75.52,,NULL,NULL,NULL,NULL
2026-06-27 13:45:55,Backdoor,NN2,GTSRB,7,none,full,0,ASR,93.4678,0.1315,97.2354,97.4514,92,0.000161,39.51,0.00,62.29,101.79,,NULL,NULL,NULL,NULL
2026-06-27 13:47:46,Backdoor,NN2,GTSRB,8,none,full,0,ASR,93.4678,0.1754,97.2354,94.9028,99,0.000173,33.91,0.00,60.80,94.71,,NULL,NULL,NULL,NULL
2026-06-27 13:49:38,Backdoor,NN2,GTSRB,9,none,full,0,ASR,93.4678,0.3507,97.2354,96.4579,106,0.000185,34.10,0.00,62.38,96.47,,NULL,NULL,NULL,NULL
2026-06-27 13:51:36,Backdoor,NN2,GTSRB,10,none,full,0,ASR,93.4678,0.3507,97.2354,97.0194,113,0.000198,35.70,0.00,65.23,100.93,,NULL,NULL,NULL,NULL
2026-06-27 13:53:37,Backdoor,NN2,GTSRB,12,none,full,0,ASR,93.4678,0.0000,97.2354,96.9330,127,0.000222,36.73,0.00,61.89,98.62,,NULL,NULL,NULL,NULL
2026-06-27 13:55:35,Backdoor,NN2,GTSRB,13,none,full,0,ASR,93.4678,0.0000,97.2354,96.0691,134,0.000234,36.53,0.00,64.10,100.63,,NULL,NULL,NULL,NULL
2026-06-27 13:57:33,Backdoor,NN2,GTSRB,14,none,full,0,ASR,93.4678,0.0000,97.2354,97.0626,141,0.000247,36.57,0.00,63.14,99.71,,NULL,NULL,NULL,NULL
2026-06-27 13:59:31,Backdoor,NN2,GTSRB,15,none,full,0,ASR,93.4678,0.0238,97.2354,94.9460,148,0.000259,35.26,0.00,64.20,99.46,,NULL,NULL,NULL,NULL
2026-06-27 14:01:31,Backdoor,NN2,GTSRB,18,none,full,0,ASR,93.4678,0.0377,97.2354,95.0324,169,0.000296,37.59,0.00,64.36,101.95,,NULL,NULL,NULL,NULL
2026-06-27 14:02:33,Backdoor,NN2,GTSRB,20,none,full,0,ASR,93.4678,0.0000,97.2354,0.4320,183,0.000320,36.53,0.00,6.81,43.34,,NULL,NULL,NULL,NULL
2026-06-27 14:03:30,Backdoor,NN2,GTSRB,25,none,full,0,ASR,93.4678,0.0000,97.2354,0.4320,218,0.000381,34.29,0.00,6.26,40.55,,NULL,NULL,NULL,NULL
2026-06-27 14:04:25,Backdoor,NN2,GTSRB,30,none,full,0,ASR,93.4678,0.0000,97.2354,0.4320,253,0.000443,34.59,0.00,5.92,40.52,,NULL,NULL,NULL,NULL
2026-06-27 14:06:19,Backdoor,NN2,GTSRB,35,none,full,0,ASR,93.4678,0.0000,97.2354,3.5853,282,0.000493,35.33,0.00,62.14,97.47,,NULL,NULL,NULL,NULL
2026-06-27 14:07:51,Backdoor,NN2,GTSRB,40,none,full,0,ASR,93.4678,0.0000,97.2354,5.3996,307,0.000537,35.61,0.00,39.70,75.31,,NULL,NULL,NULL,NULL
2026-06-27 14:09:24,Backdoor,NN2,CIFAR-10,1,none,full,0,ASR,96.2180,1.6240,71.0400,69.6400,15,0.000017,25.91,0.00,44.51,70.42,,NULL,NULL,NULL,NULL
2026-06-27 14:10:55,Backdoor,NN2,CIFAR-10,2,none,full,0,ASR,96.2180,2.2692,71.0400,68.2400,20,0.000022,25.52,0.00,44.29,69.81,,NULL,NULL,NULL,NULL
2026-06-27 14:12:28,Backdoor,NN2,CIFAR-10,3,none,full,0,ASR,96.2180,2.3804,71.0400,67.3600,25,0.000028,25.46,0.00,45.10,70.56,,NULL,NULL,NULL,NULL
2026-06-27 14:14:01,Backdoor,NN2,CIFAR-10,4,none,full,0,ASR,96.2180,2.2247,71.0400,66.7600,30,0.000034,25.55,0.00,45.44,70.98,,NULL,NULL,NULL,NULL
2026-06-27 14:15:34,Backdoor,NN2,CIFAR-10,5,none,full,0,ASR,96.2180,4.4939,71.0400,65.4200,35,0.000039,25.92,0.00,43.38,69.30,,NULL,NULL,NULL,NULL
2026-06-27 14:17:05,Backdoor,NN2,CIFAR-10,6,none,full,0,ASR,96.2180,4.5384,71.0400,65.3000,40,0.000045,25.36,0.00,43.77,69.13,,NULL,NULL,NULL,NULL
2026-06-27 14:18:34,Backdoor,NN2,CIFAR-10,7,none,full,0,ASR,96.2180,4.9611,71.0400,65.6800,45,0.000051,25.61,0.00,41.85,67.46,,NULL,NULL,NULL,NULL
2026-06-27 14:20:03,Backdoor,NN2,CIFAR-10,8,none,full,0,ASR,96.2180,4.7831,71.0400,65.3200,50,0.000056,23.91,0.00,41.65,65.56,,NULL,NULL,NULL,NULL
2026-06-27 14:21:30,Backdoor,NN2,CIFAR-10,9,none,full,0,ASR,96.2180,4.1157,71.0400,65.3000,55,0.000062,24.03,0.00,40.33,64.36,,NULL,NULL,NULL,NULL
2026-06-27 14:22:55,Backdoor,NN2,CIFAR-10,10,none,full,0,ASR,96.2180,4.1824,71.0400,66.0000,60,0.000067,23.52,0.00,40.28,63.80,,NULL,NULL,NULL,NULL
2026-06-27 14:24:21,Backdoor,NN2,CIFAR-10,12,none,full,0,ASR,96.2180,3.5150,71.0400,66.2000,70,0.000079,23.71,0.00,41.37,65.08,,NULL,NULL,NULL,NULL
2026-06-27 14:25:50,Backdoor,NN2,CIFAR-10,13,none,full,0,ASR,96.2180,3.4483,71.0400,66.9000,75,0.000084,24.17,0.00,42.06,66.24,,NULL,NULL,NULL,NULL
2026-06-27 14:27:17,Backdoor,NN2,CIFAR-10,14,none,full,0,ASR,96.2180,3.7597,71.0400,67.0200,80,0.000090,24.76,0.00,40.28,65.04,,NULL,NULL,NULL,NULL
2026-06-27 14:28:42,Backdoor,NN2,CIFAR-10,15,none,full,0,ASR,96.2180,3.3593,71.0400,67.0200,85,0.000095,23.51,0.00,40.23,63.74,,NULL,NULL,NULL,NULL
2026-06-27 14:30:09,Backdoor,NN2,CIFAR-10,18,none,full,0,ASR,96.2180,3.9600,71.0400,67.0200,100,0.000112,23.91,0.00,41.03,64.94,,NULL,NULL,NULL,NULL
2026-06-27 14:31:36,Backdoor,NN2,CIFAR-10,20,none,full,0,ASR,96.2180,3.5595,71.0400,66.9400,110,0.000124,23.99,0.00,40.93,64.92,,NULL,NULL,NULL,NULL
2026-06-27 14:33:05,Backdoor,NN2,CIFAR-10,25,none,full,0,ASR,96.2180,2.6029,71.0400,66.3000,135,0.000152,24.87,0.00,42.53,67.41,,NULL,NULL,NULL,NULL
2026-06-27 14:34:30,Backdoor,NN2,CIFAR-10,30,none,full,0,ASR,96.2180,2.2692,71.0400,65.9200,160,0.000180,23.37,0.00,40.07,63.44,,NULL,NULL,NULL,NULL
2026-06-27 14:35:57,Backdoor,NN2,CIFAR-10,35,none,full,0,ASR,96.2180,2.2692,71.0400,61.6200,179,0.000201,24.18,0.00,41.16,65.34,,NULL,NULL,NULL,NULL
2026-06-27 14:37:24,Backdoor,NN2,CIFAR-10,40,none,full,0,ASR,96.2180,2.4694,71.0400,64.7600,194,0.000218,24.17,0.00,40.92,65.10,,NULL,NULL,NULL,NULL
